{"stats":{"minecraft:picked_up":{"minecraft:stick":9,"minecraft:crafting_table":4,"minecraft:wooden_pickaxe":1,"minecraft:spruce_sapling":3,"minecraft:spruce_log":40,"minecraft:dirt":22,"minecraft:string":6,"minecraft:stone_sword":2,"minecraft:stone_axe":1,"minecraft:wheat_seeds":4,"minecraft:spruce_planks":35,"minecraft:stone_pickaxe":1,"minecraft:sugar_cane":4,"minecraft:oak_planks":5,"minecraft:coal":21,"minecraft:cobblestone":66},"minecraft:crafted":{"minecraft:crafting_table":4,"minecraft:spruce_planks":128,"minecraft:stick":40,"minecraft:wooden_pickaxe":3,"minecraft:stone_pickaxe":3,"minecraft:wooden_axe":1,"minecraft:stone_sword":2,"minecraft:torch":16,"minecraft:stone_axe":3},"minecraft:dropped":{"minecraft:wheat_seeds":4,"minecraft:wooden_axe":1,"minecraft:wooden_pickaxe":2,"minecraft:spruce_sapling":1},"minecraft:custom":{"minecraft:time_since_rest":2830,"minecraft:sprint_one_cm":45145,"minecraft:damage_taken":916,"minecraft:walk_one_cm":50221,"minecraft:drop":8,"minecraft:damage_dealt":251,"minecraft:swim_one_cm":6283,"minecraft:interact_with_crafting_table":11,"minecraft:fly_one_cm":40655,"minecraft:crouch_one_cm":744,"minecraft:play_time":19003,"minecraft:deaths":3,"minecraft:sneak_time":233,"minecraft:walk_under_water_one_cm":1224,"minecraft:jump":302,"minecraft:leave_game":1,"minecraft:walk_on_water_one_cm":801,"minecraft:time_since_death":2805,"minecraft:total_world_time":19003,"minecraft:fall_one_cm":12503},"minecraft:mined":{"minecraft:large_fern":7,"minecraft:spruce_log":30,"minecraft:crafting_table":3,"minecraft:coal_ore":21,"minecraft:dirt":3,"minecraft:cobweb":7,"minecraft:cobblestone":4,"minecraft:spruce_leaves":1,"minecraft:stone":66,"minecraft:sugar_cane":4,"minecraft:oak_planks":5,"minecraft:fern":1},"minecraft:killed_by":{"minecraft:cave_spider":1,"minecraft:skeleton":1,"minecraft:creeper":1},"minecraft:used":{"minecraft:wooden_axe":5,"minecraft:stone_sword":24,"minecraft:stone_pickaxe":71,"minecraft:spruce_planks":3,"minecraft:wooden_pickaxe":23,"minecraft:stone_axe":22,"minecraft:torch":2,"minecraft:dirt":3,"minecraft:cobblestone":14,"minecraft:crafting_table":5}},"DataVersion":3465}