{"stats":{"minecraft:crafted":{"minecraft:cooked_porkchop":4,"minecraft:crafting_table":4,"minecraft:spruce_planks":128,"minecraft:iron_helmet":1,"minecraft:wooden_pickaxe":3,"minecraft:iron_sword":1,"minecraft:furnace":1,"minecraft:cooked_salmon":3,"minecraft:bone_meal":3,"minecraft:bucket":1,"minecraft:birch_planks":20,"minecraft:stone_axe":3,"minecraft:cooked_mutton":3,"minecraft:bread":54,"minecraft:air":0,"minecraft:iron_boots":1,"minecraft:iron_chestplate":1,"minecraft:shield":1,"minecraft:iron_axe":1,"minecraft:stick":84,"minecraft:iron_hoe":1,"minecraft:iron_ingot":51,"minecraft:iron_pickaxe":2,"minecraft:stone_pickaxe":3,"minecraft:wooden_axe":1,"minecraft:stone_sword":2,"minecraft:iron_leggings":1,"minecraft:torch":16,"minecraft:wheat":162},"minecraft:killed_by":{"minecraft:cave_spider":1,"minecraft:skeleton":1,"minecraft:creeper":1},"minecraft:dropped":{"minecraft:stone_axe":1,"minecraft:wheat_seeds":5,"minecraft:stone_sword":1,"minecraft:rotten_flesh":2,"minecraft:poppy":1,"minecraft:dirt":1,"minecraft:wooden_axe":1,"minecraft:wooden_pickaxe":2,"minecraft:birch_log":5,"minecraft:spruce_sapling":1},"minecraft:picked_up":{"minecraft:birch_log":10,"minecraft:crafting_table":8,"minecraft:andesite":9,"minecraft:salmon":6,"minecraft:leather":15,"minecraft:wooden_pickaxe":1,"minecraft:potato":10,"minecraft:brewing_stand":1,"minecraft:dirt":25,"minecraft:string":8,"minecraft:bone":3,"minecraft:wheat_seeds":7,"minecraft:spruce_planks":35,"minecraft:iron_ingot":5,"minecraft:beef":25,"minecraft:stone_pickaxe":1,"minecraft:poppy":1,"minecraft:sugar_cane":21,"minecraft:egg":1,"minecraft:oak_planks":5,"minecraft:furnace":2,"minecraft:stick":9,"minecraft:raw_iron":57,"minecraft:pumpkin":6,"minecraft:composter":1,"minecraft:porkchop":4,"minecraft:spruce_sapling":3,"minecraft:spruce_log":40,"minecraft:carrot":3,"minecraft:stone_sword":2,"minecraft:arrow":6,"minecraft:rotten_flesh":2,"minecraft:stone_axe":1,"minecraft:hay_block":37,"minecraft:granite":2,"minecraft:oak_sapling":1,"minecraft:mutton":3,"minecraft:coal":49,"minecraft:white_wool":2,"minecraft:cobblestone":247},"minecraft:used":{"minecraft:wheat_seeds":2,"minecraft:cooked_mutton":1,"minecraft:water_bucket":2,"minecraft:stone_sword":41,"minecraft:stone_pickaxe":202,"minecraft:wooden_pickaxe":23,"minecraft:spruce_planks":3,"minecraft:shield":7,"minecraft:iron_sword":80,"minecraft:cooked_salmon":2,"minecraft:salmon":3,"minecraft:torch":2,"minecraft:dirt":24,"minecraft:crafting_table":10,"minecraft:cod_bucket":1,"minecraft:iron_hoe":43,"minecraft:wooden_axe":5,"minecraft:bread":9,"minecraft:iron_axe":10,"minecraft:iron_pickaxe":154,"minecraft:stone_axe":29,"minecraft:cobblestone":24,"minecraft:furnace":3,"minecraft:bucket":4,"minecraft:egg":1,"minecraft:bone_meal":3,"minecraft:potato":1,"minecraft:iron_leggings":1},"minecraft:killed":{"minecraft:pig":3,"minecraft:salmon":7,"minecraft:spider":1,"minecraft:iron_golem":1,"minecraft:skeleton":4,"minecraft:sheep":2,"minecraft:zombie":1,"minecraft:cow":14},"minecraft:broken":{"minecraft:stone_pickaxe":1},"minecraft:mined":{"minecraft:brewing_stand":1,"minecraft:crafting_table":7,"minecraft:granite":2,"minecraft:grass_block":1,"minecraft:tall_grass":1,"minecraft:cobblestone":4,"minecraft:spruce_leaves":1,"minecraft:composter":1,"minecraft:oak_planks":5,"minecraft:sugar_cane":12,"minecraft:seagrass":1,"minecraft:hay_block":40,"minecraft:large_fern":7,"minecraft:tall_seagrass":1,"minecraft:furnace":2,"minecraft:carrots":3,"minecraft:birch_log":5,"minecraft:iron_ore":59,"minecraft:wheat":3,"minecraft:spruce_log":30,"minecraft:birch_leaves":1,"minecraft:andesite":9,"minecraft:pumpkin":7,"minecraft:grass":6,"minecraft:potatoes":3,"minecraft:coal_ore":49,"minecraft:dirt":5,"minecraft:cobweb":7,"minecraft:stone":247,"minecraft:oak_leaves":1,"minecraft:fern":1},"minecraft:custom":{"minecraft:interact_with_furnace":37,"minecraft:mob_kills":33,"minecraft:interact_with_crafting_table":29,"minecraft:leave_game":2,"minecraft:time_since_death":55215,"minecraft:sleep_in_bed":1,"minecraft:time_since_rest":18569,"minecraft:sprint_one_cm":157811,"minecraft:damage_taken":1377,"minecraft:walk_one_cm":149955,"minecraft:damage_blocked_by_shield":390,"minecraft:drop":16,"minecraft:damage_dealt":4373,"minecraft:swim_one_cm":25384,"minecraft:talked_to_villager":1,"minecraft:fly_one_cm":226150,"minecraft:crouch_one_cm":1341,"minecraft:play_time":71413,"minecraft:deaths":3,"minecraft:sneak_time":492,"minecraft:walk_under_water_one_cm":12816,"minecraft:jump":1244,"minecraft:walk_on_water_one_cm":7716,"minecraft:total_world_time":71413,"minecraft:fall_one_cm":30149,"minecraft:horse_one_cm":2832}},"DataVersion":3465}