{"stats":{"minecraft:killed_by":{"minecraft:drowned":1},"minecraft:dropped":{"minecraft:water_bucket":1,"minecraft:iron_ingot":28,"minecraft:bread":6,"minecraft:wheat_seeds":6,"minecraft:mossy_cobblestone":1,"minecraft:diamond":1,"minecraft:crafting_table":1,"minecraft:cooked_porkchop":6,"minecraft:diamond_leggings":1,"minecraft:poisonous_potato":1,"minecraft:cobblestone":21,"minecraft:granite":1,"minecraft:coal":11,"minecraft:stick":12,"minecraft:emerald":6,"minecraft:dirt":3,"minecraft:diorite":5,"minecraft:diamond_helmet":1,"minecraft:potion":1,"minecraft:oak_stairs":1,"minecraft:pumpkin":1,"minecraft:iron_pickaxe":1,"minecraft:paper":12,"minecraft:string":1,"minecraft:spruce_sapling":2,"minecraft:gold_ingot":3,"minecraft:gravel":1,"minecraft:furnace":2,"minecraft:stone_axe":1,"minecraft:sugar_cane":21,"minecraft:stone_sword":1,"minecraft:cobbled_deepslate":2,"minecraft:bowl":1,"minecraft:raw_iron":8,"minecraft:rotten_flesh":6,"minecraft:oak_planks":4,"minecraft:iron_boots":1,"minecraft:oak_sign":1,"minecraft:filled_map":2,"minecraft:diamond_sword":1,"minecraft:spruce_boat":2,"minecraft:shield":1,"minecraft:gunpowder":4,"minecraft:spruce_trapdoor":1,"minecraft:spruce_planks":4,"minecraft:iron_chestplate":1,"minecraft:andesite":4,"minecraft:wooden_shovel":1,"minecraft:spider_eye":1,"minecraft:stone_pickaxe":3,"minecraft:wooden_pickaxe":2},"minecraft:custom":{"minecraft:mob_kills":17,"minecraft:interact_with_crafting_table":21,"minecraft:leave_game":2,"minecraft:time_since_death":0,"minecraft:sprint_one_cm":58858,"minecraft:walk_one_cm":79832,"minecraft:damage_blocked_by_shield":255,"minecraft:drop":65,"minecraft:play_time":41955,"minecraft:deaths":2,"minecraft:sneak_time":1331,"minecraft:walk_under_water_one_cm":12482,"minecraft:boat_one_cm":79759,"minecraft:jump":813,"minecraft:walk_on_water_one_cm":4652,"minecraft:total_world_time":41955,"minecraft:interact_with_furnace":28,"minecraft:time_since_rest":20,"minecraft:damage_taken":1622,"minecraft:damage_dealt":2895,"minecraft:fly_one_cm":188549,"minecraft:swim_one_cm":34511,"minecraft:open_chest":4,"minecraft:crouch_one_cm":2113,"minecraft:fall_one_cm":24340},"minecraft:killed":{"minecraft:spider":3,"minecraft:skeleton":2,"minecraft:pig":5,"minecraft:zombie":7},"minecraft:crafted":{"minecraft:oak_planks":28,"minecraft:oak_sign":3,"minecraft:furnace":2,"minecraft:diamond_helmet":1,"minecraft:diamond_leggings":1,"minecraft:iron_boots":1,"minecraft:stone_pickaxe":1,"minecraft:spruce_boat":1,"minecraft:wooden_shovel":1,"minecraft:diamond_sword":1,"minecraft:cooked_porkchop":9,"minecraft:crafting_table":4,"minecraft:spruce_planks":4,"minecraft:wooden_pickaxe":1,"minecraft:bucket":1,"minecraft:stone_axe":1,"minecraft:bread":12,"minecraft:air":0,"minecraft:iron_chestplate":1,"minecraft:shield":1,"minecraft:stick":24,"minecraft:iron_ingot":29,"minecraft:iron_pickaxe":1,"minecraft:stone_sword":1},"minecraft:mined":{"minecraft:diamond_ore":13,"minecraft:mossy_cobblestone":1,"minecraft:deepslate_diamond_ore":2,"minecraft:granite":1,"minecraft:grass_block":2,"minecraft:furnace":3,"minecraft:iron_ore":39,"minecraft:andesite":4,"minecraft:packed_ice":19,"minecraft:stone":136,"minecraft:crafting_table":7,"minecraft:sugar_cane":4,"minecraft:diorite":5,"minecraft:grass":10,"minecraft:coal_ore":17,"minecraft:oak_log":7,"minecraft:dirt":17,"minecraft:gravel":1,"minecraft:oak_leaves":3,"minecraft:deepslate":2},"minecraft:used":{"minecraft:moss_block":3,"minecraft:stone_sword":12,"minecraft:oak_sign":2,"minecraft:shield":4,"minecraft:wooden_shovel":1,"minecraft:rotten_flesh":8,"minecraft:dirt":4,"minecraft:spruce_boat":2,"minecraft:furnace":3,"minecraft:water_bucket":3,"minecraft:stone_pickaxe":114,"minecraft:wooden_pickaxe":14,"minecraft:crafting_table":11,"minecraft:bread":6,"minecraft:suspicious_stew":1,"minecraft:iron_pickaxe":119,"minecraft:stone_axe":6,"minecraft:diamond_sword":36,"minecraft:cobblestone":91,"minecraft:cooked_porkchop":3,"minecraft:poisonous_potato":1,"minecraft:bucket":4},"minecraft:picked_up":{"minecraft:crafting_table":8,"minecraft:wheat":36,"minecraft:suspicious_stew":1,"minecraft:leather_leggings":1,"minecraft:wooden_pickaxe":1,"minecraft:oak_stairs":2,"minecraft:potion":1,"minecraft:string":1,"minecraft:cobbled_deepslate":2,"minecraft:spruce_planks":55,"minecraft:wooden_shovel":1,"minecraft:sugar_cane":21,"minecraft:spruce_trapdoor":2,"minecraft:furnace":3,"minecraft:raw_iron":42,"minecraft:stick":1,"minecraft:porkchop":9,"minecraft:diorite":5,"minecraft:stone_sword":1,"minecraft:rotten_flesh":24,"minecraft:gold_ingot":3,"minecraft:cobblestone":136,"minecraft:andesite":4,"minecraft:oak_log":7,"minecraft:gunpowder":8,"minecraft:dirt":7,"minecraft:paper":16,"minecraft:wheat_seeds":12,"minecraft:iron_ingot":18,"minecraft:stone_pickaxe":3,"minecraft:moss_block":6,"minecraft:oak_planks":4,"minecraft:pumpkin":2,"minecraft:poisonous_potato":4,"minecraft:gravel":1,"minecraft:spruce_sapling":4,"minecraft:spruce_log":1,"minecraft:spider_eye":1,"minecraft:mossy_cobblestone":1,"minecraft:diamond":15,"minecraft:spruce_boat":4,"minecraft:stone_axe":1,"minecraft:granite":1,"minecraft:bread":4,"minecraft:emerald":6,"minecraft:coal":26}},"DataVersion":3465}