{"stats":{"minecraft:crafted":{"minecraft:cooked_porkchop":4,"minecraft:crafting_table":5,"minecraft:spruce_planks":128,"minecraft:wooden_pickaxe":3,"minecraft:iron_helmet":1,"minecraft:iron_sword":1,"minecraft:furnace":1,"minecraft:cooked_salmon":3,"minecraft:bucket":1,"minecraft:bone_meal":3,"minecraft:birch_planks":20,"minecraft:stone_axe":3,"minecraft:cooked_mutton":3,"minecraft:bread":111,"minecraft:air":0,"minecraft:iron_chestplate":1,"minecraft:iron_boots":1,"minecraft:shield":1,"minecraft:iron_axe":1,"minecraft:stick":84,"minecraft:iron_hoe":1,"minecraft:iron_ingot":51,"minecraft:iron_pickaxe":2,"minecraft:stone_pickaxe":3,"minecraft:wooden_axe":1,"minecraft:stone_sword":2,"minecraft:iron_leggings":1,"minecraft:torch":44,"minecraft:wheat":333},"minecraft:killed_by":{"minecraft:cave_spider":1,"minecraft:skeleton":1,"minecraft:creeper":1},"minecraft:dropped":{"minecraft:stone_axe":1,"minecraft:wheat_seeds":5,"minecraft:stone_sword":1,"minecraft:rotten_flesh":4,"minecraft:iron_hoe":1,"minecraft:granite":4,"minecraft:poppy":1,"minecraft:dirt":1,"minecraft:wooden_axe":1,"minecraft:andesite":20,"minecraft:oak_sapling":3,"minecraft:wooden_pickaxe":2,"minecraft:iron_pickaxe":1,"minecraft:string":2,"minecraft:birch_log":5,"minecraft:spruce_sapling":1},"minecraft:picked_up":{"minecraft:birch_log":10,"minecraft:crafting_table":8,"minecraft:andesite":20,"minecraft:salmon":6,"minecraft:leather":15,"minecraft:wooden_pickaxe":1,"minecraft:potato":10,"minecraft:brewing_stand":1,"minecraft:string":13,"minecraft:lapis_lazuli":18,"minecraft:dirt":25,"minecraft:bone":8,"minecraft:wheat_seeds":7,"minecraft:cobbled_deepslate":12,"minecraft:raw_gold":5,"minecraft:spruce_planks":35,"minecraft:iron_ingot":5,"minecraft:beef":25,"minecraft:stone_pickaxe":1,"minecraft:poppy":1,"minecraft:sugar_cane":21,"minecraft:oak_planks":5,"minecraft:furnace":2,"minecraft:egg":1,"minecraft:stick":9,"minecraft:raw_iron":76,"minecraft:pumpkin":6,"minecraft:composter":1,"minecraft:porkchop":4,"minecraft:spruce_sapling":3,"minecraft:spruce_log":40,"minecraft:carrot":3,"minecraft:stone_sword":2,"minecraft:arrow":8,"minecraft:rotten_flesh":4,"minecraft:diamond":3,"minecraft:stone_axe":1,"minecraft:hay_block":37,"minecraft:granite":4,"minecraft:oak_sapling":3,"minecraft:mutton":3,"minecraft:coal":65,"minecraft:white_wool":2,"minecraft:cobblestone":257},"minecraft:used":{"minecraft:wheat_seeds":2,"minecraft:cooked_mutton":3,"minecraft:water_bucket":3,"minecraft:stone_sword":41,"minecraft:stone_pickaxe":202,"minecraft:spruce_planks":3,"minecraft:wooden_pickaxe":23,"minecraft:shield":26,"minecraft:iron_sword":112,"minecraft:cooked_salmon":2,"minecraft:salmon":3,"minecraft:torch":10,"minecraft:dirt":24,"minecraft:crafting_table":11,"minecraft:cod_bucket":1,"minecraft:iron_hoe":43,"minecraft:wooden_axe":5,"minecraft:iron_axe":10,"minecraft:bread":12,"minecraft:iron_pickaxe":232,"minecraft:stone_axe":29,"minecraft:cobblestone":54,"minecraft:furnace":3,"minecraft:bucket":5,"minecraft:egg":1,"minecraft:bone_meal":3,"minecraft:potato":1,"minecraft:iron_leggings":1},"minecraft:killed":{"minecraft:pig":3,"minecraft:salmon":7,"minecraft:spider":5,"minecraft:iron_golem":1,"minecraft:skeleton":8,"minecraft:sheep":2,"minecraft:zombie":4,"minecraft:cow":14},"minecraft:broken":{"minecraft:stone_pickaxe":1},"minecraft:mined":{"minecraft:deepslate_diamond_ore":5,"minecraft:brewing_stand":1,"minecraft:crafting_table":7,"minecraft:granite":2,"minecraft:grass_block":1,"minecraft:tall_grass":1,"minecraft:cobblestone":17,"minecraft:spruce_leaves":1,"minecraft:oak_planks":5,"minecraft:sugar_cane":12,"minecraft:composter":1,"minecraft:seagrass":1,"minecraft:large_fern":7,"minecraft:hay_block":40,"minecraft:tall_seagrass":1,"minecraft:furnace":2,"minecraft:carrots":3,"minecraft:birch_log":5,"minecraft:iron_ore":77,"minecraft:wheat":3,"minecraft:spruce_log":30,"minecraft:birch_leaves":1,"minecraft:andesite":9,"minecraft:pumpkin":7,"minecraft:deepslate_lapis_ore":3,"minecraft:grass":6,"minecraft:potatoes":3,"minecraft:coal_ore":65,"minecraft:deepslate_iron_ore":1,"minecraft:dirt":5,"minecraft:cobweb":7,"minecraft:deepslate":14,"minecraft:stone":250,"minecraft:gold_ore":5,"minecraft:oak_leaves":1,"minecraft:fern":1},"minecraft:custom":{"minecraft:interact_with_furnace":37,"minecraft:mob_kills":44,"minecraft:interact_with_crafting_table":30,"minecraft:leave_game":2,"minecraft:time_since_death":67174,"minecraft:sleep_in_bed":1,"minecraft:time_since_rest":30528,"minecraft:sprint_one_cm":176266,"minecraft:damage_taken":1716,"minecraft:walk_one_cm":179200,"minecraft:damage_blocked_by_shield":2025,"minecraft:drop":38,"minecraft:damage_dealt":6172,"minecraft:swim_one_cm":25384,"minecraft:talked_to_villager":1,"minecraft:fly_one_cm":264310,"minecraft:crouch_one_cm":3013,"minecraft:play_time":83372,"minecraft:deaths":3,"minecraft:sneak_time":1501,"minecraft:walk_under_water_one_cm":13297,"minecraft:jump":1454,"minecraft:walk_on_water_one_cm":11117,"minecraft:total_world_time":83372,"minecraft:fall_one_cm":37797,"minecraft:horse_one_cm":2832}},"DataVersion":3465}