{"stats":{"minecraft:dropped":{"minecraft:gravel":1,"minecraft:bread":6,"minecraft:wheat_seeds":6,"minecraft:mossy_cobblestone":1,"minecraft:bowl":1,"minecraft:poisonous_potato":1,"minecraft:cobblestone":1,"minecraft:filled_map":1,"minecraft:spruce_boat":1,"minecraft:spruce_trapdoor":1,"minecraft:wooden_shovel":1,"minecraft:oak_stairs":1,"minecraft:wooden_pickaxe":2},"minecraft:custom":{"minecraft:interact_with_furnace":10,"minecraft:mob_kills":4,"minecraft:interact_with_crafting_table":10,"minecraft:leave_game":1,"minecraft:time_since_death":9634,"minecraft:time_since_rest":9659,"minecraft:sprint_one_cm":40617,"minecraft:damage_taken":706,"minecraft:walk_one_cm":22557,"minecraft:drop":19,"minecraft:damage_dealt":400,"minecraft:swim_one_cm":32914,"minecraft:fly_one_cm":164347,"minecraft:open_chest":4,"minecraft:play_time":17299,"minecraft:deaths":1,"minecraft:sneak_time":373,"minecraft:walk_under_water_one_cm":4756,"minecraft:boat_one_cm":79759,"minecraft:jump":492,"minecraft:walk_on_water_one_cm":1838,"minecraft:total_world_time":17299,"minecraft:fall_one_cm":14540},"minecraft:killed":{"minecraft:pig":4},"minecraft:crafted":{"minecraft:oak_planks":16,"minecraft:wooden_shovel":1,"minecraft:cooked_porkchop":5,"minecraft:crafting_table":2,"minecraft:spruce_planks":4,"minecraft:wooden_pickaxe":1,"minecraft:furnace":1,"minecraft:stone_axe":1,"minecraft:air":0,"minecraft:bread":12,"minecraft:shield":1,"minecraft:stick":8,"minecraft:iron_ingot":1,"minecraft:stone_pickaxe":1,"minecraft:stone_sword":1,"minecraft:spruce_boat":1},"minecraft:picked_up":{"minecraft:crafting_table":3,"minecraft:wheat":36,"minecraft:suspicious_stew":1,"minecraft:leather_leggings":1,"minecraft:wooden_pickaxe":1,"minecraft:oak_stairs":2,"minecraft:oak_log":4,"minecraft:gunpowder":8,"minecraft:dirt":4,"minecraft:paper":16,"minecraft:wheat_seeds":12,"minecraft:spruce_planks":55,"minecraft:stone_pickaxe":1,"minecraft:wooden_shovel":1,"minecraft:moss_block":6,"minecraft:sugar_cane":21,"minecraft:oak_planks":4,"minecraft:spruce_trapdoor":2,"minecraft:stick":1,"minecraft:raw_iron":1,"minecraft:pumpkin":2,"minecraft:poisonous_potato":4,"minecraft:gravel":1,"minecraft:porkchop":9,"minecraft:spruce_sapling":4,"minecraft:spruce_log":1,"minecraft:mossy_cobblestone":1,"minecraft:stone_sword":1,"minecraft:rotten_flesh":20,"minecraft:spruce_boat":3,"minecraft:stone_axe":1,"minecraft:bread":4,"minecraft:coal":7,"minecraft:cobblestone":21},"minecraft:mined":{"minecraft:mossy_cobblestone":1,"minecraft:crafting_table":3,"minecraft:grass_block":1,"minecraft:sugar_cane":4,"minecraft:iron_ore":1,"minecraft:grass":2,"minecraft:coal_ore":7,"minecraft:oak_log":4,"minecraft:gravel":1,"minecraft:dirt":3,"minecraft:packed_ice":19,"minecraft:stone":20,"minecraft:oak_leaves":3},"minecraft:used":{"minecraft:moss_block":3,"minecraft:stone_sword":12,"minecraft:stone_pickaxe":39,"minecraft:wooden_pickaxe":14,"minecraft:wooden_shovel":1,"minecraft:rotten_flesh":6,"minecraft:dirt":4,"minecraft:crafting_table":5,"minecraft:spruce_boat":1,"minecraft:bread":6,"minecraft:suspicious_stew":1,"minecraft:stone_axe":3,"minecraft:cobblestone":1,"minecraft:furnace":1,"minecraft:poisonous_potato":1},"minecraft:killed_by":{"minecraft:drowned":1}},"DataVersion":3465}