{"stats":{"minecraft:custom":{"minecraft:time_since_rest":8373,"minecraft:sprint_one_cm":66290,"minecraft:damage_taken":947,"minecraft:walk_one_cm":64201,"minecraft:mob_kills":3,"minecraft:drop":8,"minecraft:damage_dealt":416,"minecraft:swim_one_cm":11924,"minecraft:interact_with_crafting_table":11,"minecraft:fly_one_cm":70498,"minecraft:crouch_one_cm":744,"minecraft:play_time":24546,"minecraft:deaths":3,"minecraft:sneak_time":252,"minecraft:walk_under_water_one_cm":9727,"minecraft:jump":471,"minecraft:leave_game":1,"minecraft:time_since_death":8348,"minecraft:walk_on_water_one_cm":4607,"minecraft:total_world_time":24546,"minecraft:fall_one_cm":15661},"minecraft:mined":{"minecraft:large_fern":7,"minecraft:birch_log":5,"minecraft:spruce_log":30,"minecraft:birch_leaves":1,"minecraft:crafting_table":3,"minecraft:grass_block":1,"minecraft:coal_ore":21,"minecraft:dirt":4,"minecraft:cobweb":7,"minecraft:cobblestone":4,"minecraft:spruce_leaves":1,"minecraft:stone":66,"minecraft:sugar_cane":6,"minecraft:oak_planks":5,"minecraft:oak_leaves":1,"minecraft:fern":1},"minecraft:picked_up":{"minecraft:birch_log":5,"minecraft:stick":9,"minecraft:crafting_table":4,"minecraft:salmon":3,"minecraft:wooden_pickaxe":1,"minecraft:spruce_sapling":3,"minecraft:spruce_log":40,"minecraft:dirt":24,"minecraft:string":6,"minecraft:stone_sword":2,"minecraft:stone_axe":1,"minecraft:wheat_seeds":4,"minecraft:spruce_planks":35,"minecraft:stone_pickaxe":1,"minecraft:oak_sapling":1,"minecraft:sugar_cane":6,"minecraft:oak_planks":5,"minecraft:coal":21,"minecraft:cobblestone":66},"minecraft:killed_by":{"minecraft:cave_spider":1,"minecraft:skeleton":1,"minecraft:creeper":1},"minecraft:used":{"minecraft:wooden_axe":5,"minecraft:stone_sword":30,"minecraft:stone_pickaxe":73,"minecraft:wooden_pickaxe":23,"minecraft:spruce_planks":3,"minecraft:salmon":2,"minecraft:stone_axe":27,"minecraft:torch":2,"minecraft:dirt":3,"minecraft:cobblestone":14,"minecraft:crafting_table":5},"minecraft:killed":{"minecraft:salmon":3},"minecraft:crafted":{"minecraft:crafting_table":4,"minecraft:spruce_planks":128,"minecraft:stick":40,"minecraft:wooden_pickaxe":3,"minecraft:stone_pickaxe":3,"minecraft:wooden_axe":1,"minecraft:stone_sword":2,"minecraft:torch":16,"minecraft:stone_axe":3},"minecraft:dropped":{"minecraft:wheat_seeds":4,"minecraft:wooden_axe":1,"minecraft:wooden_pickaxe":2,"minecraft:spruce_sapling":1}},"DataVersion":3465}