{"stats":{"minecraft:crafted":{"minecraft:crafting_table":4,"minecraft:spruce_planks":128,"minecraft:wooden_pickaxe":3,"minecraft:iron_helmet":1,"minecraft:iron_sword":1,"minecraft:furnace":1,"minecraft:cooked_salmon":3,"minecraft:bucket":1,"minecraft:birch_planks":20,"minecraft:stone_axe":3,"minecraft:air":0,"minecraft:iron_boots":1,"minecraft:iron_chestplate":1,"minecraft:shield":1,"minecraft:iron_axe":1,"minecraft:stick":84,"minecraft:iron_ingot":51,"minecraft:iron_pickaxe":2,"minecraft:stone_pickaxe":3,"minecraft:wooden_axe":1,"minecraft:stone_sword":2,"minecraft:iron_leggings":1,"minecraft:torch":16},"minecraft:killed_by":{"minecraft:cave_spider":1,"minecraft:skeleton":1,"minecraft:creeper":1},"minecraft:dropped":{"minecraft:stone_axe":1,"minecraft:wheat_seeds":4,"minecraft:stone_sword":1,"minecraft:dirt":1,"minecraft:wooden_axe":1,"minecraft:wooden_pickaxe":2,"minecraft:birch_log":5,"minecraft:spruce_sapling":1},"minecraft:picked_up":{"minecraft:birch_log":10,"minecraft:crafting_table":8,"minecraft:salmon":6,"minecraft:andesite":9,"minecraft:wooden_pickaxe":1,"minecraft:dirt":25,"minecraft:string":6,"minecraft:wheat_seeds":4,"minecraft:spruce_planks":35,"minecraft:stone_pickaxe":1,"minecraft:sugar_cane":15,"minecraft:oak_planks":5,"minecraft:furnace":2,"minecraft:stick":9,"minecraft:raw_iron":56,"minecraft:porkchop":4,"minecraft:spruce_sapling":3,"minecraft:spruce_log":40,"minecraft:stone_sword":2,"minecraft:stone_axe":1,"minecraft:granite":2,"minecraft:oak_sapling":1,"minecraft:coal":49,"minecraft:cobblestone":247},"minecraft:used":{"minecraft:stone_sword":41,"minecraft:stone_pickaxe":202,"minecraft:spruce_planks":3,"minecraft:wooden_pickaxe":23,"minecraft:iron_sword":6,"minecraft:cooked_salmon":2,"minecraft:salmon":3,"minecraft:torch":2,"minecraft:dirt":24,"minecraft:crafting_table":9,"minecraft:wooden_axe":5,"minecraft:iron_axe":2,"minecraft:iron_pickaxe":152,"minecraft:stone_axe":29,"minecraft:cobblestone":22,"minecraft:furnace":2,"minecraft:bucket":1,"minecraft:iron_leggings":1},"minecraft:killed":{"minecraft:pig":3,"minecraft:salmon":7},"minecraft:broken":{"minecraft:stone_pickaxe":1},"minecraft:mined":{"minecraft:crafting_table":7,"minecraft:granite":2,"minecraft:grass_block":1,"minecraft:cobblestone":4,"minecraft:spruce_leaves":1,"minecraft:sugar_cane":10,"minecraft:oak_planks":5,"minecraft:large_fern":7,"minecraft:seagrass":1,"minecraft:tall_seagrass":1,"minecraft:furnace":2,"minecraft:birch_log":5,"minecraft:iron_ore":58,"minecraft:andesite":9,"minecraft:spruce_log":30,"minecraft:birch_leaves":1,"minecraft:coal_ore":49,"minecraft:dirt":5,"minecraft:cobweb":7,"minecraft:stone":247,"minecraft:oak_leaves":1,"minecraft:fern":1},"minecraft:custom":{"minecraft:interact_with_furnace":33,"minecraft:mob_kills":10,"minecraft:interact_with_crafting_table":26,"minecraft:leave_game":1,"minecraft:time_since_death":31283,"minecraft:time_since_rest":31308,"minecraft:sprint_one_cm":94239,"minecraft:damage_taken":947,"minecraft:walk_one_cm":100264,"minecraft:drop":12,"minecraft:damage_dealt":836,"minecraft:swim_one_cm":18581,"minecraft:fly_one_cm":101631,"minecraft:crouch_one_cm":1341,"minecraft:play_time":47481,"minecraft:deaths":3,"minecraft:sneak_time":483,"minecraft:walk_under_water_one_cm":10957,"minecraft:jump":699,"minecraft:walk_on_water_one_cm":5929,"minecraft:total_world_time":47481,"minecraft:fall_one_cm":17391}},"DataVersion":3465}