{"stats":{"minecraft:crafted":{"minecraft:furnace":5,"minecraft:bone_meal":3,"minecraft:cooked_mutton":3,"minecraft:iron_boots":1,"minecraft:iron_axe":1,"minecraft:iron_hoe":1,"minecraft:stone_pickaxe":3,"minecraft:wheat":333,"minecraft:cooked_beef":25,"minecraft:diamond_sword":1,"minecraft:cooked_porkchop":4,"minecraft:crafting_table":7,"minecraft:spruce_planks":128,"minecraft:wooden_pickaxe":3,"minecraft:iron_helmet":1,"minecraft:iron_sword":1,"minecraft:cooked_salmon":3,"minecraft:bucket":1,"minecraft:birch_planks":20,"minecraft:stone_axe":3,"minecraft:bread":111,"minecraft:air":0,"minecraft:iron_chestplate":1,"minecraft:diamond_pickaxe":1,"minecraft:shield":2,"minecraft:stick":84,"minecraft:iron_ingot":73,"minecraft:iron_pickaxe":2,"minecraft:wooden_axe":1,"minecraft:stone_sword":2,"minecraft:gold_ingot":6,"minecraft:iron_leggings":1,"minecraft:torch":44},"minecraft:killed_by":{"minecraft:creeper":2,"minecraft:cave_spider":1,"minecraft:skeleton":1},"minecraft:dropped":{"minecraft:iron_sword":1,"minecraft:wheat_seeds":5,"minecraft:crafting_table":1,"minecraft:granite":4,"minecraft:dirt":1,"minecraft:wooden_axe":1,"minecraft:cooked_salmon":1,"minecraft:iron_pickaxe":1,"minecraft:string":2,"minecraft:birch_log":5,"minecraft:spruce_sapling":1,"minecraft:stone_axe":1,"minecraft:stone_sword":1,"minecraft:cobbled_deepslate":3,"minecraft:tuff":3,"minecraft:rotten_flesh":8,"minecraft:iron_hoe":1,"minecraft:poppy":1,"minecraft:potato":8,"minecraft:andesite":20,"minecraft:oak_sapling":3,"minecraft:spider_eye":1,"minecraft:wooden_pickaxe":2},"minecraft:picked_up":{"minecraft:crafting_table":10,"minecraft:wooden_pickaxe":1,"minecraft:brewing_stand":1,"minecraft:string":17,"minecraft:cobbled_deepslate":27,"minecraft:spruce_planks":35,"minecraft:beef":25,"minecraft:poppy":1,"minecraft:sugar_cane":21,"minecraft:egg":1,"minecraft:furnace":4,"minecraft:raw_iron":78,"minecraft:stick":9,"minecraft:composter":1,"minecraft:porkchop":4,"minecraft:carrot":3,"minecraft:stone_sword":2,"minecraft:arrow":20,"minecraft:rotten_flesh":12,"minecraft:hay_block":37,"minecraft:obsidian":4,"minecraft:mutton":3,"minecraft:cobblestone":259,"minecraft:white_wool":2,"minecraft:birch_log":10,"minecraft:salmon":6,"minecraft:andesite":20,"minecraft:leather":15,"minecraft:potato":10,"minecraft:tuff":3,"minecraft:lapis_lazuli":52,"minecraft:dirt":25,"minecraft:bone":19,"minecraft:bow":1,"minecraft:wheat_seeds":7,"minecraft:raw_gold":12,"minecraft:stone_pickaxe":1,"minecraft:iron_ingot":5,"minecraft:oak_planks":5,"minecraft:pumpkin":6,"minecraft:spruce_sapling":3,"minecraft:spruce_log":40,"minecraft:spider_eye":1,"minecraft:diamond":5,"minecraft:stone_axe":1,"minecraft:granite":4,"minecraft:oak_sapling":3,"minecraft:coal":66,"minecraft:ender_pearl":2},"minecraft:used":{"minecraft:stone_sword":41,"minecraft:spruce_planks":3,"minecraft:shield":74,"minecraft:iron_sword":146,"minecraft:cooked_salmon":2,"minecraft:torch":24,"minecraft:dirt":24,"minecraft:cod_bucket":1,"minecraft:iron_hoe":43,"minecraft:wooden_axe":5,"minecraft:iron_axe":12,"minecraft:bow":9,"minecraft:furnace":5,"minecraft:egg":1,"minecraft:cooked_beef":4,"minecraft:potato":2,"minecraft:cobbled_deepslate":3,"minecraft:iron_leggings":1,"minecraft:wheat_seeds":2,"minecraft:cooked_mutton":3,"minecraft:water_bucket":9,"minecraft:stone_pickaxe":202,"minecraft:wooden_pickaxe":23,"minecraft:salmon":3,"minecraft:crafting_table":13,"minecraft:diamond_pickaxe":20,"minecraft:bread":18,"minecraft:iron_pickaxe":256,"minecraft:stone_axe":29,"minecraft:diamond_sword":39,"minecraft:cobblestone":77,"minecraft:cooked_porkchop":4,"minecraft:bucket":11,"minecraft:bone_meal":3},"minecraft:killed":{"minecraft:spider":8,"minecraft:skeleton":19,"minecraft:pig":3,"minecraft:salmon":7,"minecraft:iron_golem":1,"minecraft:sheep":2,"minecraft:zombie":13,"minecraft:enderman":2,"minecraft:cow":14},"minecraft:broken":{"minecraft:stone_pickaxe":1,"minecraft:shield":1},"minecraft:mined":{"minecraft:tuff":3,"minecraft:deepslate_diamond_ore":7,"minecraft:brewing_stand":1,"minecraft:obsidian":4,"minecraft:granite":2,"minecraft:grass_block":1,"minecraft:spruce_leaves":1,"minecraft:composter":1,"minecraft:large_fern":7,"minecraft:hay_block":40,"minecraft:tall_seagrass":1,"minecraft:furnace":4,"minecraft:carrots":3,"minecraft:iron_ore":77,"minecraft:andesite":9,"minecraft:pumpkin":7,"minecraft:deepslate_lapis_ore":8,"minecraft:potatoes":3,"minecraft:deepslate_iron_ore":3,"minecraft:stone":250,"minecraft:crafting_table":9,"minecraft:tall_grass":1,"minecraft:cobblestone":19,"minecraft:deepslate_gold_ore":7,"minecraft:sugar_cane":12,"minecraft:oak_planks":5,"minecraft:seagrass":1,"minecraft:birch_log":5,"minecraft:wheat":3,"minecraft:spruce_log":30,"minecraft:birch_leaves":1,"minecraft:grass":6,"minecraft:coal_ore":65,"minecraft:dirt":5,"minecraft:cobweb":7,"minecraft:gold_ore":5,"minecraft:oak_leaves":1,"minecraft:deepslate":31,"minecraft:fern":1},"minecraft:custom":{"minecraft:mob_kills":70,"minecraft:interact_with_crafting_table":37,"minecraft:leave_game":2,"minecraft:time_since_death":146,"minecraft:sprint_one_cm":221547,"minecraft:walk_one_cm":234658,"minecraft:damage_blocked_by_shield":4620,"minecraft:drop":46,"minecraft:talked_to_villager":1,"minecraft:play_time":107372,"minecraft:deaths":5,"minecraft:sneak_time":1551,"minecraft:walk_under_water_one_cm":14071,"minecraft:jump":2055,"minecraft:walk_on_water_one_cm":25041,"minecraft:total_world_time":107372,"minecraft:interact_with_furnace":59,"minecraft:sleep_in_bed":1,"minecraft:time_since_rest":177,"minecraft:damage_taken":3316,"minecraft:damage_dealt":10754,"minecraft:swim_one_cm":25384,"minecraft:fly_one_cm":370856,"minecraft:crouch_one_cm":3013,"minecraft:fall_one_cm":60767,"minecraft:horse_one_cm":2832}},"DataVersion":3465}