{"stats":{"minecraft:picked_up":{"minecraft:raw_iron":7,"minecraft:stick":1,"minecraft:andesite":1,"minecraft:wooden_pickaxe":2,"minecraft:oak_log":24,"minecraft:spruce_sapling":9,"minecraft:spruce_log":21,"minecraft:dirt":62,"minecraft:raw_copper":5,"minecraft:bone":2,"minecraft:arrow":2,"minecraft:stone_axe":2,"minecraft:wheat_seeds":2,"minecraft:spruce_planks":23,"minecraft:granite":1,"minecraft:stone_pickaxe":2,"minecraft:oak_sapling":4,"minecraft:mutton":3,"minecraft:coal":29,"minecraft:white_wool":4,"minecraft:cobblestone":78},"minecraft:crafted":{"minecraft:oak_planks":76,"minecraft:crafting_table":2,"minecraft:spruce_planks":64,"minecraft:stick":16,"minecraft:wooden_pickaxe":2,"minecraft:stone_pickaxe":2,"minecraft:wooden_axe":1,"minecraft:furnace":1,"minecraft:stone_axe":2},"minecraft:dropped":{"minecraft:wooden_pickaxe":1,"minecraft:stick":1},"minecraft:custom":{"minecraft:time_since_rest":6846,"minecraft:interact_with_furnace":1,"minecraft:sprint_one_cm":98966,"minecraft:damage_taken":790,"minecraft:walk_one_cm":116626,"minecraft:mob_kills":3,"minecraft:drop":2,"minecraft:damage_dealt":659,"minecraft:swim_one_cm":11370,"minecraft:interact_with_crafting_table":7,"minecraft:fly_one_cm":104771,"minecraft:crouch_one_cm":4829,"minecraft:play_time":35999,"minecraft:deaths":3,"minecraft:sneak_time":2147,"minecraft:walk_under_water_one_cm":2579,"minecraft:jump":828,"minecraft:walk_on_water_one_cm":2676,"minecraft:time_since_death":6819,"minecraft:total_world_time":35999,"minecraft:fall_one_cm":24589},"minecraft:mined":{"minecraft:large_fern":2,"minecraft:spruce_planks":2,"minecraft:iron_ore":6,"minecraft:spruce_log":24,"minecraft:andesite":2,"minecraft:grass":3,"minecraft:oak_log":19,"minecraft:grass_block":7,"minecraft:coal_ore":21,"minecraft:dirt":15,"minecraft:copper_ore":1,"minecraft:spruce_leaves":6,"minecraft:stone":66,"minecraft:oak_leaves":3},"minecraft:killed_by":{"minecraft:skeleton":2},"minecraft:used":{"minecraft:wooden_axe":8,"minecraft:stone_pickaxe":97,"minecraft:wooden_pickaxe":16,"minecraft:spruce_sapling":5,"minecraft:stone_axe":38,"minecraft:cobblestone":1,"minecraft:dirt":30,"minecraft:mutton":3,"minecraft:crafting_table":2,"minecraft:oak_sapling":4,"minecraft:granite":1},"minecraft:killed":{"minecraft:sheep":1,"minecraft:skeleton":1,"minecraft:zombie":1}},"DataVersion":3465}