{"stats":{"minecraft:custom":{"minecraft:jump":9,"minecraft:time_since_rest":2587,"minecraft:leave_game":1,"minecraft:sprint_one_cm":487,"minecraft:play_time":2587,"minecraft:time_since_death":2587,"minecraft:walk_one_cm":1309,"minecraft:sneak_time":33,"minecraft:total_world_time":2587,"minecraft:fall_one_cm":209,"minecraft:fly_one_cm":7837},"minecraft:used":{"minecraft:spruce_log":1},"minecraft:mined":{"minecraft:spruce_leaves":3,"minecraft:spruce_log":1},"minecraft:picked_up":{"minecraft:spruce_log":1}},"DataVersion":3465}