{"stats":{"minecraft:custom":{"minecraft:jump":40,"minecraft:time_since_rest":447,"minecraft:deaths":2,"minecraft:damage_dealt":137,"minecraft:crouch_one_cm":54,"minecraft:play_time":8838,"minecraft:leave_game":3,"minecraft:sprint_one_cm":1951,"minecraft:damage_taken":770,"minecraft:time_since_death":412,"minecraft:walk_one_cm":6107,"minecraft:sneak_time":56,"minecraft:total_world_time":8838,"minecraft:fall_one_cm":5718,"minecraft:fly_one_cm":4251},"minecraft:killed_by":{"minecraft:zombie":1}},"DataVersion":3465}