{"stats":{"minecraft:used":{"minecraft:spruce_leaves":6,"minecraft:spruce_log":1},"minecraft:mined":{"minecraft:spruce_leaves":3,"minecraft:spruce_log":1},"minecraft:picked_up":{"minecraft:spruce_log":1},"minecraft:custom":{"minecraft:jump":11,"minecraft:time_since_rest":3855,"minecraft:play_time":3855,"minecraft:leave_game":2,"minecraft:sprint_one_cm":487,"minecraft:time_since_death":3855,"minecraft:walk_one_cm":2532,"minecraft:sneak_time":72,"minecraft:total_world_time":3855,"minecraft:fall_one_cm":209,"minecraft:fly_one_cm":11153}},"DataVersion":3465}