{"stats":{"minecraft:dropped":{"minecraft:spruce_boat":2},"minecraft:custom":{"minecraft:time_since_rest":5904,"minecraft:crouch_one_cm":170,"minecraft:deaths":1,"minecraft:play_time":23786,"minecraft:sprint_one_cm":42957,"minecraft:walk_one_cm":19207,"minecraft:damage_taken":435,"minecraft:sneak_time":105,"minecraft:walk_under_water_one_cm":2629,"minecraft:mob_kills":2,"minecraft:boat_one_cm":177017,"minecraft:drop":2,"minecraft:jump":400,"minecraft:damage_dealt":326,"minecraft:leave_game":3,"minecraft:walk_on_water_one_cm":4206,"minecraft:time_since_death":5874,"minecraft:total_world_time":23786,"minecraft:swim_one_cm":21212,"minecraft:interact_with_crafting_table":3,"minecraft:fall_one_cm":12665,"minecraft:fly_one_cm":120043},"minecraft:killed":{"minecraft:cow":1,"minecraft:salmon":1},"minecraft:crafted":{"minecraft:furnace":1,"minecraft:crafting_table":1,"minecraft:spruce_planks":24,"minecraft:stick":4,"minecraft:wooden_pickaxe":1,"minecraft:stone_pickaxe":1},"minecraft:picked_up":{"minecraft:salmon":1,"minecraft:leather":1,"minecraft:spruce_boat":4,"minecraft:beef":1,"minecraft:oak_log":4,"minecraft:spruce_log":6,"minecraft:cobblestone":20},"minecraft:mined":{"minecraft:oak_log":4,"minecraft:spruce_log":6,"minecraft:stone":20},"minecraft:used":{"minecraft:spruce_boat":2,"minecraft:salmon":1,"minecraft:beef":1,"minecraft:crafting_table":1,"minecraft:stone_pickaxe":17,"minecraft:wooden_pickaxe":3}},"DataVersion":3465}