{"stats":{"minecraft:killed_by":{"minecraft:piglin_brute":1},"minecraft:dropped":{"minecraft:cobbled_deepslate":158,"minecraft:iron_helmet":1,"minecraft:iron_boots":1,"minecraft:spruce_boat":2,"minecraft:diorite":2,"minecraft:iron_chestplate":1,"minecraft:wooden_axe":1,"minecraft:spider_eye":1,"minecraft:stone_pickaxe":2,"minecraft:iron_pickaxe":3,"minecraft:dandelion":2},"minecraft:custom":{"minecraft:interact_with_furnace":19,"minecraft:mob_kills":4,"minecraft:interact_with_crafting_table":29,"minecraft:leave_game":4,"minecraft:time_since_death":281,"minecraft:time_since_rest":301,"minecraft:sprint_one_cm":82347,"minecraft:damage_taken":971,"minecraft:walk_one_cm":84351,"minecraft:damage_blocked_by_shield":225,"minecraft:drop":20,"minecraft:damage_dealt":1630,"minecraft:swim_one_cm":21986,"minecraft:fly_one_cm":157153,"minecraft:open_chest":1,"minecraft:crouch_one_cm":14748,"minecraft:play_time":71275,"minecraft:deaths":2,"minecraft:sneak_time":6846,"minecraft:walk_under_water_one_cm":5607,"minecraft:boat_one_cm":177017,"minecraft:jump":791,"minecraft:walk_on_water_one_cm":7119,"minecraft:total_world_time":71275,"minecraft:fall_one_cm":21613},"minecraft:broken":{"minecraft:iron_pickaxe":1},"minecraft:killed":{"minecraft:cave_spider":1,"minecraft:salmon":1,"minecraft:iron_golem":1,"minecraft:cow":1},"minecraft:crafted":{"minecraft:crafting_table":2,"minecraft:spruce_planks":24,"minecraft:wooden_pickaxe":1,"minecraft:furnace":3,"minecraft:bucket":1,"minecraft:bread":6,"minecraft:air":0,"minecraft:flint_and_steel":1,"minecraft:diamond_leggings":1,"minecraft:diamond_helmet":1,"minecraft:iron_chestplate":1,"minecraft:diamond_pickaxe":1,"minecraft:shield":1,"minecraft:iron_axe":1,"minecraft:stick":16,"minecraft:iron_ingot":20,"minecraft:iron_pickaxe":2,"minecraft:stone_pickaxe":2,"minecraft:wooden_axe":1,"minecraft:diamond_boots":1,"minecraft:gold_ingot":4,"minecraft:golden_boots":1,"minecraft:diamond_chestplate":1,"minecraft:wheat":18},"minecraft:used":{"minecraft:water_bucket":6,"minecraft:diorite":1,"minecraft:flint_and_steel":1,"minecraft:stone_pickaxe":90,"minecraft:shield":2,"minecraft:wooden_pickaxe":3,"minecraft:netherrack":11,"minecraft:polished_blackstone_bricks":3,"minecraft:salmon":1,"minecraft:torch":4,"minecraft:dirt":34,"minecraft:crafting_table":9,"minecraft:granite":24,"minecraft:spruce_boat":2,"minecraft:wooden_axe":21,"minecraft:lava_bucket":10,"minecraft:diamond_pickaxe":129,"minecraft:apple":6,"minecraft:cracked_polished_blackstone_bricks":3,"minecraft:iron_axe":24,"minecraft:bread":6,"minecraft:iron_pickaxe":371,"minecraft:cobblestone":18,"minecraft:beef":1,"minecraft:furnace":5,"minecraft:bucket":17,"minecraft:andesite":1,"minecraft:cobbled_deepslate":136},"minecraft:mined":{"minecraft:deepslate_redstone_ore":2,"minecraft:tuff":10,"minecraft:deepslate_diamond_ore":27,"minecraft:crafting_table":8,"minecraft:torch":3,"minecraft:granite":24,"minecraft:calcite":21,"minecraft:cracked_polished_blackstone_bricks":3,"minecraft:cobblestone":20,"minecraft:deepslate_gold_ore":9,"minecraft:lapis_ore":5,"minecraft:diorite":2,"minecraft:polished_blackstone_bricks":4,"minecraft:furnace":5,"minecraft:iron_ore":13,"minecraft:cobbled_deepslate":2,"minecraft:spruce_log":6,"minecraft:andesite":1,"minecraft:grass":1,"minecraft:oak_log":4,"minecraft:coal_ore":17,"minecraft:deepslate_iron_ore":7,"minecraft:dirt_path":1,"minecraft:gravel":16,"minecraft:dirt":32,"minecraft:smooth_basalt":12,"minecraft:stone":98,"minecraft:netherrack":27,"minecraft:deepslate":263},"minecraft:picked_up":{"minecraft:wooden_axe":1,"minecraft:crafting_table":8,"minecraft:salmon":1,"minecraft:andesite":1,"minecraft:leather":1,"minecraft:flint":2,"minecraft:tuff":10,"minecraft:oak_log":4,"minecraft:lapis_lazuli":30,"minecraft:dirt":48,"minecraft:apple":6,"minecraft:cobbled_deepslate":312,"minecraft:raw_gold":12,"minecraft:beef":1,"minecraft:iron_ingot":4,"minecraft:stone_pickaxe":1,"minecraft:oak_boat":1,"minecraft:calcite":21,"minecraft:poppy":1,"minecraft:iron_pickaxe":3,"minecraft:oak_planks":30,"minecraft:iron_boots":1,"minecraft:furnace":4,"minecraft:raw_iron":20,"minecraft:smooth_basalt":12,"minecraft:polished_blackstone_bricks":4,"minecraft:torch":3,"minecraft:dandelion":2,"minecraft:gravel":14,"minecraft:diorite":3,"minecraft:spruce_log":6,"minecraft:redstone":10,"minecraft:spider_eye":1,"minecraft:diamond":27,"minecraft:spruce_boat":4,"minecraft:cracked_polished_blackstone_bricks":3,"minecraft:iron_helmet":1,"minecraft:hay_block":2,"minecraft:granite":24,"minecraft:saddle":1,"minecraft:gold_ingot":1,"minecraft:netherrack":11,"minecraft:obsidian":4,"minecraft:coal":67,"minecraft:cobblestone":118}},"DataVersion":3465}