{"stats":{"minecraft:dropped":{"minecraft:gravel":1,"minecraft:moss_block":3,"minecraft:porkchop":3,"minecraft:wheat_seeds":7,"minecraft:wheat":36,"minecraft:poisonous_potato":2,"minecraft:rotten_flesh":10,"minecraft:oak_planks":45,"minecraft:suspicious_stew":1,"minecraft:stick":1,"minecraft:filled_map":1,"minecraft:gunpowder":4,"minecraft:spruce_trapdoor":1,"minecraft:spruce_planks":28,"minecraft:mutton":6,"minecraft:oak_sapling":5,"minecraft:leather_leggings":1,"minecraft:oak_stairs":1,"minecraft:spruce_log":1,"minecraft:pumpkin":1,"minecraft:paper":4,"minecraft:spruce_sapling":2,"minecraft:dandelion":1},"minecraft:custom":{"minecraft:mob_kills":7,"minecraft:interact_with_crafting_table":2,"minecraft:leave_game":2,"minecraft:time_since_death":1228,"minecraft:sleep_in_bed":1,"minecraft:time_since_rest":1257,"minecraft:sprint_one_cm":74332,"minecraft:damage_taken":775,"minecraft:walk_one_cm":35687,"minecraft:drop":25,"minecraft:damage_dealt":974,"minecraft:swim_one_cm":21385,"minecraft:fly_one_cm":160846,"minecraft:open_chest":3,"minecraft:play_time":23831,"minecraft:deaths":2,"minecraft:sneak_time":321,"minecraft:walk_under_water_one_cm":17459,"minecraft:boat_one_cm":25961,"minecraft:jump":1052,"minecraft:walk_on_water_one_cm":4735,"minecraft:total_world_time":23831,"minecraft:fall_one_cm":13641},"minecraft:killed":{"minecraft:pig":1,"minecraft:rabbit":1,"minecraft:sheep":3,"minecraft:zombie":2},"minecraft:crafted":{"minecraft:oak_planks":52,"minecraft:crafting_table":1,"minecraft:spruce_planks":28,"minecraft:white_bed":1},"minecraft:picked_up":{"minecraft:crafting_table":2,"minecraft:oak_stairs":1,"minecraft:filled_map":3,"minecraft:oak_log":13,"minecraft:dirt":3,"minecraft:wheat_seeds":9,"minecraft:rabbit":1,"minecraft:oak_planks":90,"minecraft:spruce_trapdoor":1,"minecraft:stick":1,"minecraft:dandelion":2,"minecraft:gravel":1,"minecraft:porkchop":9,"minecraft:spruce_sapling":2,"minecraft:white_bed":2,"minecraft:spruce_log":10,"minecraft:rotten_flesh":4,"minecraft:spruce_boat":1,"minecraft:bread":6,"minecraft:oak_sapling":5,"minecraft:mutton":18,"minecraft:white_wool":3},"minecraft:used":{"minecraft:rabbit":1,"minecraft:rotten_flesh":2,"minecraft:dirt":1,"minecraft:crafting_table":1,"minecraft:white_bed":3,"minecraft:spruce_log":2,"minecraft:spruce_boat":1,"minecraft:bread":6},"minecraft:mined":{"minecraft:white_bed":2,"minecraft:dandelion":1,"minecraft:crafting_table":1,"minecraft:grass_block":1,"minecraft:tall_grass":5,"minecraft:spruce_leaves":29,"minecraft:spruce_log":8,"minecraft:grass":48,"minecraft:oak_log":13,"minecraft:gravel":1,"minecraft:dirt":1,"minecraft:packed_ice":15,"minecraft:oak_leaves":23},"minecraft:killed_by":{"minecraft:drowned":1}},"DataVersion":3465}