{"stats":{"minecraft:crafted":{"minecraft:oak_planks":44,"minecraft:emerald":8,"minecraft:cooked_porkchop":16,"minecraft:crafting_table":1,"minecraft:spruce_planks":456,"minecraft:wooden_pickaxe":2,"minecraft:iron_helmet":1,"minecraft:furnace":1,"minecraft:fletching_table":1,"minecraft:bone_meal":3,"minecraft:stone_axe":2,"minecraft:cooked_mutton":4,"minecraft:air":0,"minecraft:iron_boots":1,"minecraft:iron_chestplate":1,"minecraft:stick":280,"minecraft:iron_ingot":35,"minecraft:iron_pickaxe":1,"minecraft:stone_pickaxe":1,"minecraft:chest":1,"minecraft:stone_sword":1,"minecraft:iron_leggings":2,"minecraft:white_bed":1,"minecraft:torch":4,"minecraft:smoker":1},"minecraft:killed_by":{"minecraft:player":1,"minecraft:skeleton":2,"minecraft:drowned":1},"minecraft:dropped":{"minecraft:wheat_seeds":1,"minecraft:rotten_flesh":2,"minecraft:stick":1,"minecraft:poppy":1,"minecraft:dandelion":2,"minecraft:spruce_sapling":6},"minecraft:picked_up":{"minecraft:crafting_table":5,"minecraft:salmon":2,"minecraft:smoker":5,"minecraft:flint":2,"minecraft:oak_log":15,"minecraft:brewing_stand":1,"minecraft:gunpowder":2,"minecraft:string":1,"minecraft:dirt":16,"minecraft:bone":1,"minecraft:apple":1,"minecraft:wheat_seeds":29,"minecraft:cobbled_deepslate":1,"minecraft:spruce_planks":58,"minecraft:stone_pickaxe":1,"minecraft:poppy":2,"minecraft:fletching_table":2,"minecraft:oak_planks":61,"minecraft:furnace":3,"minecraft:egg":3,"minecraft:stick":23,"minecraft:raw_iron":54,"minecraft:cooked_porkchop":2,"minecraft:sweet_berries":36,"minecraft:composter":3,"minecraft:torch":7,"minecraft:dandelion":23,"minecraft:gravel":2,"minecraft:porkchop":22,"minecraft:sand":1,"minecraft:spruce_sapling":33,"minecraft:ink_sac":4,"minecraft:white_bed":1,"minecraft:spruce_log":115,"minecraft:stone_sword":1,"minecraft:arrow":1,"minecraft:rotten_flesh":15,"minecraft:stone_axe":1,"minecraft:bone_meal":3,"minecraft:oak_sapling":3,"minecraft:mutton":7,"minecraft:coal":172,"minecraft:white_wool":5,"minecraft:cobblestone":255,"minecraft:ender_pearl":1},"minecraft:used":{"minecraft:wheat_seeds":24,"minecraft:cooked_mutton":4,"minecraft:stone_sword":157,"minecraft:poppy":1,"minecraft:stone_pickaxe":131,"minecraft:oak_planks":4,"minecraft:chest":1,"minecraft:spruce_planks":6,"minecraft:wooden_pickaxe":118,"minecraft:composter":3,"minecraft:fletching_table":3,"minecraft:rotten_flesh":9,"minecraft:white_wool":1,"minecraft:salmon":2,"minecraft:torch":3,"minecraft:dirt":2,"minecraft:crafting_table":4,"minecraft:white_bed":1,"minecraft:smoker":5,"minecraft:apple":1,"minecraft:iron_pickaxe":91,"minecraft:spruce_sapling":5,"minecraft:gravel":1,"minecraft:stone_axe":143,"minecraft:cobblestone":11,"minecraft:sweet_berries":36,"minecraft:furnace":2,"minecraft:cooked_porkchop":12,"minecraft:dandelion":21,"minecraft:egg":3,"minecraft:bone_meal":5},"minecraft:killed":{"minecraft:pig":10,"minecraft:salmon":2,"minecraft:spider":3,"minecraft:creeper":2,"minecraft:sheep":4,"minecraft:skeleton":1,"minecraft:zombie":12,"minecraft:drowned":1,"minecraft:enderman":2},"minecraft:broken":{"minecraft:stone_pickaxe":1,"minecraft:stone_axe":1,"minecraft:wooden_pickaxe":2},"minecraft:mined":{"minecraft:spruce_planks":6,"minecraft:white_bed":1,"minecraft:smoker":4,"minecraft:dandelion":19,"minecraft:brewing_stand":1,"minecraft:crafting_table":4,"minecraft:torch":1,"minecraft:grass_block":6,"minecraft:poppy":1,"minecraft:dead_bush":1,"minecraft:tall_grass":14,"minecraft:cobblestone":7,"minecraft:spruce_leaves":11,"minecraft:composter":3,"minecraft:wall_torch":2,"minecraft:large_fern":2,"minecraft:spruce_sapling":6,"minecraft:furnace":2,"minecraft:iron_ore":40,"minecraft:sweet_berry_bush":15,"minecraft:spruce_log":116,"minecraft:fletching_table":2,"minecraft:grass":176,"minecraft:oak_log":15,"minecraft:coal_ore":98,"minecraft:deepslate_iron_ore":7,"minecraft:gravel":3,"minecraft:dirt":10,"minecraft:stone":179,"minecraft:oak_leaves":4,"minecraft:deepslate":1,"minecraft:fern":4},"minecraft:custom":{"minecraft:interact_with_furnace":30,"minecraft:mob_kills":37,"minecraft:traded_with_villager":8,"minecraft:interact_with_crafting_table":20,"minecraft:leave_game":3,"minecraft:time_since_death":71109,"minecraft:sleep_in_bed":1,"minecraft:climb_one_cm":1474,"minecraft:time_since_rest":14922,"minecraft:sprint_one_cm":382175,"minecraft:damage_taken":2496,"minecraft:walk_one_cm":164270,"minecraft:drop":7,"minecraft:damage_dealt":5835,"minecraft:talked_to_villager":8,"minecraft:swim_one_cm":70319,"minecraft:fly_one_cm":443489,"minecraft:open_chest":4,"minecraft:play_time":110352,"minecraft:crouch_one_cm":3067,"minecraft:sneak_time":2701,"minecraft:deaths":4,"minecraft:walk_under_water_one_cm":9674,"minecraft:jump":2718,"minecraft:walk_on_water_one_cm":32072,"minecraft:fall_one_cm":64560,"minecraft:total_world_time":110352,"minecraft:interact_with_smoker":16,"minecraft:horse_one_cm":4620}},"DataVersion":3465}