{"stats":{"minecraft:broken":{"minecraft:stone_pickaxe":1,"minecraft:wooden_pickaxe":2},"minecraft:custom":{"minecraft:interact_with_furnace":5,"minecraft:mob_kills":19,"minecraft:interact_with_crafting_table":11,"minecraft:time_since_death":14483,"minecraft:time_since_rest":14511,"minecraft:sprint_one_cm":178783,"minecraft:damage_taken":1798,"minecraft:walk_one_cm":85601,"minecraft:drop":6,"minecraft:damage_dealt":2915,"minecraft:swim_one_cm":46629,"minecraft:fly_one_cm":183075,"minecraft:crouch_one_cm":1778,"minecraft:play_time":53726,"minecraft:deaths":4,"minecraft:sneak_time":2053,"minecraft:walk_under_water_one_cm":6623,"minecraft:jump":1196,"minecraft:walk_on_water_one_cm":18645,"minecraft:interact_with_smoker":4,"minecraft:total_world_time":53726,"minecraft:fall_one_cm":30840},"minecraft:mined":{"minecraft:spruce_planks":6,"minecraft:smoker":1,"minecraft:crafting_table":3,"minecraft:grass_block":6,"minecraft:poppy":1,"minecraft:dead_bush":1,"minecraft:spruce_leaves":11,"minecraft:large_fern":2,"minecraft:spruce_sapling":6,"minecraft:furnace":1,"minecraft:iron_ore":34,"minecraft:sweet_berry_bush":15,"minecraft:spruce_log":55,"minecraft:grass":2,"minecraft:oak_log":10,"minecraft:coal_ore":71,"minecraft:dirt":10,"minecraft:stone":163,"minecraft:oak_leaves":2,"minecraft:fern":4},"minecraft:picked_up":{"minecraft:crafting_table":4,"minecraft:salmon":2,"minecraft:smoker":2,"minecraft:oak_log":10,"minecraft:dirt":16,"minecraft:bone":1,"minecraft:wheat_seeds":3,"minecraft:spruce_planks":58,"minecraft:stone_pickaxe":1,"minecraft:poppy":2,"minecraft:oak_planks":36,"minecraft:egg":1,"minecraft:furnace":2,"minecraft:stick":19,"minecraft:raw_iron":41,"minecraft:cooked_porkchop":2,"minecraft:sweet_berries":36,"minecraft:torch":4,"minecraft:sand":1,"minecraft:porkchop":10,"minecraft:spruce_sapling":29,"minecraft:ink_sac":4,"minecraft:spruce_log":54,"minecraft:stone_sword":1,"minecraft:arrow":1,"minecraft:rotten_flesh":11,"minecraft:stone_axe":1,"minecraft:cobblestone":232,"minecraft:mutton":2,"minecraft:coal":131,"minecraft:white_wool":2,"minecraft:ender_pearl":1},"minecraft:killed_by":{"minecraft:player":1,"minecraft:skeleton":2,"minecraft:drowned":1},"minecraft:used":{"minecraft:stone_sword":37,"minecraft:stone_pickaxe":131,"minecraft:poppy":1,"minecraft:spruce_planks":6,"minecraft:wooden_pickaxe":118,"minecraft:rotten_flesh":6,"minecraft:white_wool":1,"minecraft:salmon":2,"minecraft:dirt":2,"minecraft:crafting_table":3,"minecraft:smoker":1,"minecraft:iron_pickaxe":22,"minecraft:spruce_sapling":1,"minecraft:stone_axe":65,"minecraft:sweet_berries":3,"minecraft:furnace":1,"minecraft:cooked_porkchop":8},"minecraft:killed":{"minecraft:pig":5,"minecraft:salmon":2,"minecraft:skeleton":1,"minecraft:sheep":1,"minecraft:zombie":8,"minecraft:drowned":1,"minecraft:enderman":1},"minecraft:dropped":{"minecraft:wheat_seeds":1,"minecraft:rotten_flesh":2,"minecraft:stick":1,"minecraft:poppy":1,"minecraft:spruce_sapling":6},"minecraft:crafted":{"minecraft:oak_planks":24,"minecraft:cooked_porkchop":8,"minecraft:crafting_table":1,"minecraft:spruce_planks":216,"minecraft:wooden_pickaxe":2,"minecraft:furnace":1,"minecraft:stone_axe":2,"minecraft:air":0,"minecraft:stick":12,"minecraft:iron_ingot":3,"minecraft:iron_pickaxe":1,"minecraft:stone_pickaxe":1,"minecraft:stone_sword":1,"minecraft:torch":4,"minecraft:smoker":1}},"DataVersion":3465}