{"stats":{"minecraft:crafted":{"minecraft:oak_planks":44,"minecraft:furnace":1,"minecraft:bone_meal":3,"minecraft:cooked_mutton":6,"minecraft:iron_boots":1,"minecraft:iron_axe":1,"minecraft:stone_pickaxe":1,"minecraft:chest":1,"minecraft:stone_hoe":1,"minecraft:smoker":1,"minecraft:emerald":8,"minecraft:cooked_porkchop":16,"minecraft:crafting_table":1,"minecraft:spruce_planks":492,"minecraft:wooden_pickaxe":2,"minecraft:iron_helmet":1,"minecraft:fletching_table":1,"minecraft:bucket":1,"minecraft:stone_axe":2,"minecraft:air":0,"minecraft:iron_chestplate":1,"minecraft:stick":280,"minecraft:iron_ingot":47,"minecraft:iron_pickaxe":1,"minecraft:stone_sword":1,"minecraft:iron_leggings":2,"minecraft:white_bed":1,"minecraft:torch":4},"minecraft:killed_by":{"minecraft:player":1,"minecraft:drowned":1,"minecraft:skeleton":2},"minecraft:dropped":{"minecraft:wheat_seeds":1,"minecraft:stick":1,"minecraft:iron_pickaxe":1,"minecraft:spruce_sapling":6,"minecraft:dandelion":2,"minecraft:rotten_flesh":2,"minecraft:poppy":1},"minecraft:picked_up":{"minecraft:crafting_table":5,"minecraft:azure_bluet":1,"minecraft:brewing_stand":2,"minecraft:string":1,"minecraft:cobbled_deepslate":1,"minecraft:spruce_planks":58,"minecraft:oak_boat":1,"minecraft:poppy":2,"minecraft:iron_pickaxe":1,"minecraft:egg":4,"minecraft:furnace":3,"minecraft:raw_iron":114,"minecraft:stick":25,"minecraft:composter":3,"minecraft:torch":9,"minecraft:porkchop":25,"minecraft:carrot":32,"minecraft:redstone":17,"minecraft:stone_sword":1,"minecraft:arrow":3,"minecraft:rotten_flesh":22,"minecraft:mutton":7,"minecraft:cobblestone":274,"minecraft:white_wool":5,"minecraft:salmon":2,"minecraft:smoker":5,"minecraft:potato":21,"minecraft:flint":2,"minecraft:oak_log":17,"minecraft:gunpowder":2,"minecraft:dirt":51,"minecraft:bone":1,"minecraft:apple":1,"minecraft:wheat_seeds":36,"minecraft:raw_gold":9,"minecraft:stone_pickaxe":1,"minecraft:fletching_table":2,"minecraft:oak_planks":61,"minecraft:cooked_porkchop":2,"minecraft:sweet_berries":36,"minecraft:dandelion":23,"minecraft:gravel":6,"minecraft:sand":1,"minecraft:spruce_sapling":37,"minecraft:ink_sac":4,"minecraft:white_bed":1,"minecraft:spruce_log":123,"minecraft:stone_axe":1,"minecraft:bone_meal":3,"minecraft:oak_sapling":4,"minecraft:coal":177,"minecraft:ender_pearl":1},"minecraft:used":{"minecraft:stone_sword":199,"minecraft:poppy":1,"minecraft:spruce_planks":6,"minecraft:chest":1,"minecraft:stone_hoe":103,"minecraft:rotten_flesh":9,"minecraft:torch":5,"minecraft:brewing_stand":1,"minecraft:dirt":37,"minecraft:carrot":32,"minecraft:iron_axe":8,"minecraft:sweet_berries":36,"minecraft:furnace":2,"minecraft:egg":4,"minecraft:potato":21,"minecraft:wheat_seeds":24,"minecraft:cooked_mutton":6,"minecraft:water_bucket":1,"minecraft:stone_pickaxe":131,"minecraft:oak_planks":4,"minecraft:wooden_pickaxe":118,"minecraft:composter":3,"minecraft:fletching_table":3,"minecraft:salmon":2,"minecraft:white_wool":1,"minecraft:crafting_table":4,"minecraft:white_bed":1,"minecraft:smoker":5,"minecraft:apple":1,"minecraft:iron_pickaxe":191,"minecraft:spruce_sapling":13,"minecraft:gravel":1,"minecraft:stone_axe":143,"minecraft:cobblestone":11,"minecraft:cooked_porkchop":16,"minecraft:bucket":2,"minecraft:dandelion":21,"minecraft:bone_meal":6},"minecraft:killed":{"minecraft:spider":3,"minecraft:skeleton":3,"minecraft:drowned":1,"minecraft:pig":11,"minecraft:salmon":2,"minecraft:creeper":2,"minecraft:sheep":4,"minecraft:zombie":20,"minecraft:enderman":2},"minecraft:broken":{"minecraft:wooden_pickaxe":2,"minecraft:stone_pickaxe":1,"minecraft:stone_axe":1},"minecraft:mined":{"minecraft:spruce_planks":6,"minecraft:white_bed":1,"minecraft:brewing_stand":2,"minecraft:grass_block":25,"minecraft:spruce_leaves":11,"minecraft:composter":3,"minecraft:large_fern":2,"minecraft:redstone_ore":4,"minecraft:spruce_sapling":6,"minecraft:furnace":2,"minecraft:carrots":15,"minecraft:iron_ore":96,"minecraft:fletching_table":2,"minecraft:potatoes":5,"minecraft:deepslate_iron_ore":12,"minecraft:stone":199,"minecraft:smoker":4,"minecraft:dandelion":19,"minecraft:crafting_table":4,"minecraft:torch":2,"minecraft:poppy":1,"minecraft:dead_bush":1,"minecraft:tall_grass":31,"minecraft:cobblestone":7,"minecraft:wall_torch":3,"minecraft:wheat":1,"minecraft:sweet_berry_bush":15,"minecraft:spruce_log":124,"minecraft:grass":212,"minecraft:coal_ore":103,"minecraft:oak_log":15,"minecraft:gravel":7,"minecraft:dirt":13,"minecraft:gold_ore":9,"minecraft:oak_leaves":4,"minecraft:deepslate":1,"minecraft:fern":4},"minecraft:custom":{"minecraft:mob_kills":48,"minecraft:interact_with_crafting_table":23,"minecraft:leave_game":3,"minecraft:time_since_death":95109,"minecraft:climb_one_cm":1474,"minecraft:sprint_one_cm":464491,"minecraft:walk_one_cm":219784,"minecraft:drop":8,"minecraft:talked_to_villager":8,"minecraft:play_time":134352,"minecraft:deaths":4,"minecraft:sneak_time":3329,"minecraft:walk_under_water_one_cm":9674,"minecraft:jump":3111,"minecraft:walk_on_water_one_cm":32524,"minecraft:total_world_time":134352,"minecraft:interact_with_furnace":42,"minecraft:traded_with_villager":8,"minecraft:sleep_in_bed":1,"minecraft:time_since_rest":38922,"minecraft:damage_taken":2956,"minecraft:damage_dealt":7880,"minecraft:swim_one_cm":70319,"minecraft:fly_one_cm":501078,"minecraft:open_chest":8,"minecraft:crouch_one_cm":5024,"minecraft:interact_with_smoker":17,"minecraft:fall_one_cm":74367,"minecraft:horse_one_cm":4620}},"DataVersion":3465}