{"stats":{"minecraft:broken":{"minecraft:wooden_pickaxe":2},"minecraft:custom":{"minecraft:mob_kills":16,"minecraft:interact_with_crafting_table":8,"minecraft:time_since_death":2483,"minecraft:time_since_rest":2511,"minecraft:sprint_one_cm":144160,"minecraft:damage_taken":1523,"minecraft:walk_one_cm":62956,"minecraft:drop":6,"minecraft:damage_dealt":2535,"minecraft:swim_one_cm":36160,"minecraft:fly_one_cm":155643,"minecraft:crouch_one_cm":378,"minecraft:play_time":41726,"minecraft:deaths":4,"minecraft:sneak_time":1268,"minecraft:walk_under_water_one_cm":5281,"minecraft:jump":970,"minecraft:walk_on_water_one_cm":7860,"minecraft:interact_with_smoker":4,"minecraft:total_world_time":41726,"minecraft:fall_one_cm":26911},"minecraft:mined":{"minecraft:spruce_planks":2,"minecraft:smoker":1,"minecraft:crafting_table":2,"minecraft:grass_block":6,"minecraft:poppy":1,"minecraft:spruce_leaves":10,"minecraft:large_fern":2,"minecraft:spruce_sapling":6,"minecraft:iron_ore":7,"minecraft:spruce_log":41,"minecraft:grass":2,"minecraft:oak_log":10,"minecraft:coal_ore":61,"minecraft:dirt":10,"minecraft:stone":144,"minecraft:oak_leaves":2,"minecraft:fern":1},"minecraft:picked_up":{"minecraft:crafting_table":2,"minecraft:salmon":2,"minecraft:smoker":1,"minecraft:oak_log":10,"minecraft:dirt":15,"minecraft:wheat_seeds":3,"minecraft:spruce_planks":2,"minecraft:poppy":2,"minecraft:oak_planks":18,"minecraft:furnace":1,"minecraft:stick":11,"minecraft:raw_iron":7,"minecraft:porkchop":8,"minecraft:spruce_sapling":25,"minecraft:ink_sac":2,"minecraft:spruce_log":40,"minecraft:rotten_flesh":8,"minecraft:cobblestone":144,"minecraft:mutton":1,"minecraft:coal":61,"minecraft:white_wool":1},"minecraft:killed_by":{"minecraft:player":1,"minecraft:skeleton":2,"minecraft:drowned":1},"minecraft:used":{"minecraft:stone_sword":28,"minecraft:stone_pickaxe":96,"minecraft:poppy":1,"minecraft:spruce_planks":2,"minecraft:wooden_pickaxe":118,"minecraft:rotten_flesh":4,"minecraft:salmon":2,"minecraft:dirt":1,"minecraft:crafting_table":2,"minecraft:smoker":1,"minecraft:spruce_sapling":1,"minecraft:stone_axe":46,"minecraft:cooked_porkchop":6},"minecraft:killed":{"minecraft:pig":4,"minecraft:salmon":2,"minecraft:sheep":1,"minecraft:zombie":8,"minecraft:drowned":1},"minecraft:dropped":{"minecraft:wheat_seeds":1,"minecraft:rotten_flesh":2,"minecraft:stick":1,"minecraft:poppy":1,"minecraft:spruce_sapling":6},"minecraft:crafted":{"minecraft:oak_planks":24,"minecraft:cooked_porkchop":8,"minecraft:crafting_table":1,"minecraft:spruce_planks":160,"minecraft:wooden_pickaxe":2,"minecraft:furnace":1,"minecraft:stone_axe":2,"minecraft:air":0,"minecraft:stick":12,"minecraft:stone_pickaxe":1,"minecraft:stone_sword":1,"minecraft:torch":4,"minecraft:smoker":1}},"DataVersion":3465}