{"stats":{"minecraft:killed_by":{"minecraft:drowned":2},"minecraft:dropped":{"minecraft:gravel":1,"minecraft:iron_ingot":16,"minecraft:moss_block":3,"minecraft:porkchop":6,"minecraft:wheat_seeds":7,"minecraft:wheat":36,"minecraft:poisonous_potato":2,"minecraft:rotten_flesh":10,"minecraft:oak_planks":86,"minecraft:suspicious_stew":1,"minecraft:stick":1,"minecraft:emerald":6,"minecraft:filled_map":3,"minecraft:gunpowder":4,"minecraft:spruce_trapdoor":1,"minecraft:spruce_planks":28,"minecraft:mutton":12,"minecraft:oak_sapling":5,"minecraft:potion":1,"minecraft:leather_leggings":1,"minecraft:wooden_sword":1,"minecraft:oak_stairs":1,"minecraft:pumpkin":1,"minecraft:spruce_log":1,"minecraft:paper":4,"minecraft:gold_ingot":3,"minecraft:spruce_sapling":2,"minecraft:dandelion":1},"minecraft:custom":{"minecraft:mob_kills":21,"minecraft:interact_with_crafting_table":4,"minecraft:leave_game":3,"minecraft:time_since_death":0,"minecraft:sleep_in_bed":1,"minecraft:time_since_rest":55,"minecraft:sprint_one_cm":148551,"minecraft:damage_taken":1780,"minecraft:walk_one_cm":45849,"minecraft:drop":35,"minecraft:damage_dealt":2985,"minecraft:swim_one_cm":48642,"minecraft:fly_one_cm":283745,"minecraft:open_chest":4,"minecraft:crouch_one_cm":5304,"minecraft:play_time":42720,"minecraft:sneak_time":1893,"minecraft:deaths":4,"minecraft:walk_under_water_one_cm":40022,"minecraft:boat_one_cm":25961,"minecraft:jump":1560,"minecraft:walk_on_water_one_cm":11628,"minecraft:total_world_time":42720,"minecraft:fall_one_cm":26707},"minecraft:killed":{"minecraft:pig":5,"minecraft:rabbit":1,"minecraft:sheep":3,"minecraft:zombie":2,"minecraft:drowned":6,"minecraft:cow":4},"minecraft:crafted":{"minecraft:wooden_sword":1,"minecraft:oak_planks":52,"minecraft:crafting_table":1,"minecraft:spruce_planks":28,"minecraft:bread":3,"minecraft:stick":4,"minecraft:white_bed":1},"minecraft:used":{"minecraft:rabbit":1,"minecraft:cooked_salmon":3,"minecraft:rotten_flesh":3,"minecraft:dirt":53,"minecraft:crafting_table":3,"minecraft:white_bed":4,"minecraft:spruce_log":2,"minecraft:spruce_boat":1,"minecraft:bread":9,"minecraft:wooden_sword":140},"minecraft:mined":{"minecraft:white_bed":4,"minecraft:dandelion":1,"minecraft:crafting_table":4,"minecraft:grass_block":46,"minecraft:tall_grass":48,"minecraft:spruce_leaves":29,"minecraft:spruce_log":8,"minecraft:grass":104,"minecraft:oak_log":13,"minecraft:gravel":2,"minecraft:dirt":7,"minecraft:packed_ice":15,"minecraft:oak_leaves":23},"minecraft:picked_up":{"minecraft:nautilus_shell":1,"minecraft:crafting_table":5,"minecraft:wheat":2,"minecraft:leather":2,"minecraft:oak_stairs":1,"minecraft:filled_map":4,"minecraft:oak_log":13,"minecraft:dirt":54,"minecraft:wooden_sword":1,"minecraft:wheat_seeds":14,"minecraft:beef":9,"minecraft:rabbit":1,"minecraft:oak_planks":131,"minecraft:spruce_trapdoor":1,"minecraft:stick":4,"minecraft:copper_ingot":1,"minecraft:dandelion":2,"minecraft:gravel":2,"minecraft:porkchop":20,"minecraft:spruce_sapling":2,"minecraft:white_bed":4,"minecraft:spruce_log":10,"minecraft:rotten_flesh":10,"minecraft:spruce_boat":1,"minecraft:bread":6,"minecraft:oak_sapling":5,"minecraft:mutton":24,"minecraft:coal":1,"minecraft:white_wool":3}},"DataVersion":3465}