{"stats":{"minecraft:crafted":{"minecraft:oak_planks":44,"minecraft:furnace":1,"minecraft:bone_meal":3,"minecraft:cooked_mutton":6,"minecraft:iron_boots":1,"minecraft:iron_axe":1,"minecraft:stone_pickaxe":1,"minecraft:chest":1,"minecraft:stone_hoe":1,"minecraft:smoker":1,"minecraft:emerald":8,"minecraft:cooked_porkchop":16,"minecraft:crafting_table":1,"minecraft:spruce_planks":492,"minecraft:wooden_pickaxe":2,"minecraft:iron_helmet":1,"minecraft:fletching_table":1,"minecraft:bucket":1,"minecraft:stone_axe":2,"minecraft:air":0,"minecraft:iron_chestplate":1,"minecraft:stick":280,"minecraft:iron_ingot":47,"minecraft:iron_pickaxe":1,"minecraft:stone_sword":1,"minecraft:iron_leggings":2,"minecraft:white_bed":1,"minecraft:torch":4},"minecraft:killed_by":{"minecraft:player":1,"minecraft:drowned":1,"minecraft:skeleton":2},"minecraft:dropped":{"minecraft:wheat_seeds":1,"minecraft:stick":1,"minecraft:spruce_sapling":6,"minecraft:dandelion":2,"minecraft:rotten_flesh":2,"minecraft:poppy":1},"minecraft:picked_up":{"minecraft:crafting_table":5,"minecraft:brewing_stand":2,"minecraft:string":1,"minecraft:cobbled_deepslate":1,"minecraft:spruce_planks":58,"minecraft:oak_boat":1,"minecraft:poppy":2,"minecraft:egg":4,"minecraft:furnace":3,"minecraft:raw_iron":54,"minecraft:stick":25,"minecraft:composter":3,"minecraft:torch":9,"minecraft:porkchop":25,"minecraft:carrot":32,"minecraft:stone_sword":1,"minecraft:arrow":1,"minecraft:rotten_flesh":17,"minecraft:mutton":7,"minecraft:cobblestone":255,"minecraft:white_wool":5,"minecraft:salmon":2,"minecraft:smoker":5,"minecraft:potato":21,"minecraft:flint":2,"minecraft:oak_log":15,"minecraft:gunpowder":2,"minecraft:dirt":38,"minecraft:bone":1,"minecraft:apple":1,"minecraft:wheat_seeds":35,"minecraft:stone_pickaxe":1,"minecraft:fletching_table":2,"minecraft:oak_planks":61,"minecraft:cooked_porkchop":2,"minecraft:sweet_berries":36,"minecraft:dandelion":23,"minecraft:gravel":2,"minecraft:sand":1,"minecraft:spruce_sapling":37,"minecraft:ink_sac":4,"minecraft:white_bed":1,"minecraft:spruce_log":123,"minecraft:stone_axe":1,"minecraft:bone_meal":3,"minecraft:oak_sapling":4,"minecraft:coal":172,"minecraft:ender_pearl":1},"minecraft:used":{"minecraft:stone_sword":173,"minecraft:poppy":1,"minecraft:spruce_planks":6,"minecraft:chest":1,"minecraft:stone_hoe":103,"minecraft:rotten_flesh":9,"minecraft:torch":5,"minecraft:brewing_stand":1,"minecraft:dirt":20,"minecraft:carrot":25,"minecraft:iron_axe":8,"minecraft:sweet_berries":36,"minecraft:furnace":2,"minecraft:egg":4,"minecraft:potato":4,"minecraft:wheat_seeds":24,"minecraft:cooked_mutton":4,"minecraft:water_bucket":1,"minecraft:stone_pickaxe":131,"minecraft:oak_planks":4,"minecraft:wooden_pickaxe":118,"minecraft:composter":3,"minecraft:fletching_table":3,"minecraft:salmon":2,"minecraft:white_wool":1,"minecraft:crafting_table":4,"minecraft:white_bed":1,"minecraft:smoker":5,"minecraft:apple":1,"minecraft:iron_pickaxe":92,"minecraft:spruce_sapling":13,"minecraft:gravel":1,"minecraft:stone_axe":143,"minecraft:cobblestone":11,"minecraft:cooked_porkchop":14,"minecraft:bucket":1,"minecraft:dandelion":21,"minecraft:bone_meal":6},"minecraft:killed":{"minecraft:spider":3,"minecraft:skeleton":1,"minecraft:drowned":1,"minecraft:pig":11,"minecraft:salmon":2,"minecraft:creeper":2,"minecraft:sheep":4,"minecraft:zombie":16,"minecraft:enderman":2},"minecraft:broken":{"minecraft:wooden_pickaxe":2,"minecraft:stone_pickaxe":1,"minecraft:stone_axe":1},"minecraft:mined":{"minecraft:spruce_planks":6,"minecraft:white_bed":1,"minecraft:brewing_stand":2,"minecraft:grass_block":25,"minecraft:spruce_leaves":11,"minecraft:composter":3,"minecraft:large_fern":2,"minecraft:spruce_sapling":6,"minecraft:furnace":2,"minecraft:carrots":15,"minecraft:iron_ore":40,"minecraft:fletching_table":2,"minecraft:potatoes":5,"minecraft:deepslate_iron_ore":7,"minecraft:stone":179,"minecraft:smoker":4,"minecraft:dandelion":19,"minecraft:crafting_table":4,"minecraft:torch":2,"minecraft:poppy":1,"minecraft:dead_bush":1,"minecraft:tall_grass":31,"minecraft:cobblestone":7,"minecraft:wall_torch":3,"minecraft:wheat":1,"minecraft:sweet_berry_bush":15,"minecraft:spruce_log":124,"minecraft:grass":211,"minecraft:coal_ore":98,"minecraft:oak_log":15,"minecraft:gravel":3,"minecraft:dirt":13,"minecraft:oak_leaves":4,"minecraft:deepslate":1,"minecraft:fern":4},"minecraft:custom":{"minecraft:mob_kills":42,"minecraft:interact_with_crafting_table":23,"minecraft:leave_game":3,"minecraft:time_since_death":83109,"minecraft:climb_one_cm":1474,"minecraft:sprint_one_cm":415863,"minecraft:walk_one_cm":195092,"minecraft:drop":7,"minecraft:talked_to_villager":8,"minecraft:play_time":122352,"minecraft:deaths":4,"minecraft:sneak_time":2740,"minecraft:walk_under_water_one_cm":9674,"minecraft:jump":2892,"minecraft:walk_on_water_one_cm":32124,"minecraft:total_world_time":122352,"minecraft:interact_with_furnace":42,"minecraft:traded_with_villager":8,"minecraft:sleep_in_bed":1,"minecraft:time_since_rest":26922,"minecraft:damage_taken":2562,"minecraft:damage_dealt":6712,"minecraft:swim_one_cm":70319,"minecraft:fly_one_cm":468922,"minecraft:open_chest":8,"minecraft:crouch_one_cm":3271,"minecraft:interact_with_smoker":17,"minecraft:fall_one_cm":68113,"minecraft:horse_one_cm":4620}},"DataVersion":3465}