{"stats":{"minecraft:crafted":{"minecraft:oak_planks":24,"minecraft:cooked_porkchop":16,"minecraft:crafting_table":1,"minecraft:spruce_planks":216,"minecraft:wooden_pickaxe":2,"minecraft:iron_helmet":1,"minecraft:furnace":1,"minecraft:fletching_table":1,"minecraft:stone_axe":2,"minecraft:cooked_mutton":4,"minecraft:air":0,"minecraft:iron_boots":1,"minecraft:iron_chestplate":1,"minecraft:stick":12,"minecraft:iron_ingot":34,"minecraft:iron_pickaxe":1,"minecraft:stone_pickaxe":1,"minecraft:stone_sword":1,"minecraft:white_bed":1,"minecraft:iron_leggings":2,"minecraft:torch":4,"minecraft:smoker":1},"minecraft:killed_by":{"minecraft:player":1,"minecraft:skeleton":2,"minecraft:drowned":1},"minecraft:dropped":{"minecraft:wheat_seeds":1,"minecraft:rotten_flesh":2,"minecraft:stick":1,"minecraft:poppy":1,"minecraft:spruce_sapling":6},"minecraft:picked_up":{"minecraft:crafting_table":5,"minecraft:salmon":2,"minecraft:smoker":5,"minecraft:flint":2,"minecraft:oak_log":10,"minecraft:brewing_stand":1,"minecraft:gunpowder":1,"minecraft:dirt":16,"minecraft:bone":1,"minecraft:wheat_seeds":3,"minecraft:cobbled_deepslate":1,"minecraft:spruce_planks":58,"minecraft:stone_pickaxe":1,"minecraft:poppy":2,"minecraft:fletching_table":1,"minecraft:oak_planks":61,"minecraft:furnace":3,"minecraft:egg":2,"minecraft:stick":19,"minecraft:raw_iron":54,"minecraft:cooked_porkchop":2,"minecraft:sweet_berries":36,"minecraft:composter":1,"minecraft:torch":5,"minecraft:gravel":2,"minecraft:porkchop":16,"minecraft:sand":1,"minecraft:spruce_sapling":29,"minecraft:ink_sac":4,"minecraft:white_bed":1,"minecraft:spruce_log":54,"minecraft:stone_sword":1,"minecraft:arrow":1,"minecraft:rotten_flesh":13,"minecraft:stone_axe":1,"minecraft:mutton":7,"minecraft:coal":172,"minecraft:white_wool":5,"minecraft:cobblestone":255,"minecraft:ender_pearl":1},"minecraft:used":{"minecraft:cooked_mutton":3,"minecraft:stone_sword":65,"minecraft:poppy":1,"minecraft:stone_pickaxe":131,"minecraft:oak_planks":4,"minecraft:spruce_planks":6,"minecraft:wooden_pickaxe":118,"minecraft:composter":1,"minecraft:fletching_table":2,"minecraft:rotten_flesh":9,"minecraft:white_wool":1,"minecraft:salmon":2,"minecraft:torch":1,"minecraft:dirt":2,"minecraft:crafting_table":3,"minecraft:white_bed":1,"minecraft:smoker":3,"minecraft:iron_pickaxe":91,"minecraft:spruce_sapling":1,"minecraft:gravel":1,"minecraft:stone_axe":70,"minecraft:cobblestone":11,"minecraft:sweet_berries":36,"minecraft:furnace":1,"minecraft:cooked_porkchop":11,"minecraft:egg":2},"minecraft:killed":{"minecraft:pig":7,"minecraft:salmon":2,"minecraft:spider":1,"minecraft:creeper":1,"minecraft:sheep":4,"minecraft:skeleton":1,"minecraft:zombie":9,"minecraft:drowned":1,"minecraft:enderman":2},"minecraft:broken":{"minecraft:stone_pickaxe":1,"minecraft:wooden_pickaxe":2},"minecraft:mined":{"minecraft:spruce_planks":6,"minecraft:white_bed":1,"minecraft:smoker":4,"minecraft:brewing_stand":1,"minecraft:crafting_table":4,"minecraft:grass_block":6,"minecraft:poppy":1,"minecraft:dead_bush":1,"minecraft:cobblestone":7,"minecraft:spruce_leaves":11,"minecraft:composter":1,"minecraft:wall_torch":1,"minecraft:large_fern":2,"minecraft:spruce_sapling":6,"minecraft:furnace":2,"minecraft:iron_ore":40,"minecraft:sweet_berry_bush":15,"minecraft:spruce_log":55,"minecraft:fletching_table":1,"minecraft:grass":4,"minecraft:oak_log":10,"minecraft:coal_ore":98,"minecraft:deepslate_iron_ore":7,"minecraft:gravel":3,"minecraft:dirt":10,"minecraft:stone":179,"minecraft:oak_leaves":4,"minecraft:deepslate":1,"minecraft:fern":4},"minecraft:custom":{"minecraft:interact_with_furnace":28,"minecraft:mob_kills":28,"minecraft:interact_with_crafting_table":18,"minecraft:leave_game":3,"minecraft:time_since_death":56289,"minecraft:sleep_in_bed":1,"minecraft:climb_one_cm":1474,"minecraft:time_since_rest":102,"minecraft:sprint_one_cm":304744,"minecraft:damage_taken":2426,"minecraft:walk_one_cm":137404,"minecraft:drop":6,"minecraft:damage_dealt":4425,"minecraft:swim_one_cm":70319,"minecraft:fly_one_cm":368969,"minecraft:play_time":95532,"minecraft:crouch_one_cm":2866,"minecraft:sneak_time":2622,"minecraft:deaths":4,"minecraft:walk_under_water_one_cm":9674,"minecraft:jump":2358,"minecraft:walk_on_water_one_cm":31987,"minecraft:fall_one_cm":58397,"minecraft:total_world_time":95532,"minecraft:interact_with_smoker":16,"minecraft:horse_one_cm":4620}},"DataVersion":3465}