{"stats":{"minecraft:custom":{"minecraft:interact_with_furnace":12,"minecraft:mob_kills":5,"minecraft:interact_with_crafting_table":16,"minecraft:leave_game":1,"minecraft:time_since_death":6099,"minecraft:time_since_rest":6128,"minecraft:sprint_one_cm":121883,"minecraft:damage_taken":1843,"minecraft:walk_one_cm":126452,"minecraft:damage_blocked_by_shield":195,"minecraft:drop":15,"minecraft:damage_dealt":962,"minecraft:player_kills":1,"minecraft:fly_one_cm":96590,"minecraft:crouch_one_cm":13209,"minecraft:play_time":43179,"minecraft:sneak_time":5237,"minecraft:deaths":6,"minecraft:walk_under_water_one_cm":439,"minecraft:jump":633,"minecraft:walk_on_water_one_cm":983,"minecraft:total_world_time":43179,"minecraft:fall_one_cm":25164},"minecraft:mined":{"minecraft:spruce_planks":8,"minecraft:deepslate_diamond_ore":1,"minecraft:oak_fence":2,"minecraft:crafting_table":8,"minecraft:granite":1,"minecraft:grass_block":11,"minecraft:warped_roots":4,"minecraft:cobblestone":1,"minecraft:spruce_leaves":6,"minecraft:diorite":19,"minecraft:large_fern":2,"minecraft:furnace":3,"minecraft:iron_ore":20,"minecraft:sweet_berry_bush":17,"minecraft:fire":1,"minecraft:spruce_log":58,"minecraft:andesite":14,"minecraft:birch_leaves":6,"minecraft:coal_ore":18,"minecraft:deepslate_iron_ore":5,"minecraft:gravel":8,"minecraft:dirt":10,"minecraft:stone":131,"minecraft:oak_leaves":13,"minecraft:fern":2},"minecraft:picked_up":{"minecraft:crafting_table":10,"minecraft:feather":2,"minecraft:chicken":2,"minecraft:andesite":26,"minecraft:wooden_pickaxe":4,"minecraft:flint":2,"minecraft:oak_log":5,"minecraft:dirt":48,"minecraft:string":5,"minecraft:bone":4,"minecraft:wheat_seeds":1,"minecraft:spruce_planks":54,"minecraft:iron_ingot":8,"minecraft:stone_pickaxe":2,"minecraft:iron_pickaxe":1,"minecraft:sugar_cane":8,"minecraft:birch_sapling":1,"minecraft:oak_planks":57,"minecraft:egg":1,"minecraft:furnace":5,"minecraft:stick":8,"minecraft:raw_iron":23,"minecraft:sweet_berries":34,"minecraft:oak_fence":2,"minecraft:torch":1,"minecraft:gravel":14,"minecraft:spruce_sapling":5,"minecraft:diorite":19,"minecraft:spruce_log":66,"minecraft:arrow":2,"minecraft:diamond":1,"minecraft:stone_axe":3,"minecraft:granite":3,"minecraft:warped_roots":4,"minecraft:oak_sapling":1,"minecraft:coal":87,"minecraft:white_wool":2,"minecraft:cobblestone":195},"minecraft:killed_by":{"minecraft:cave_spider":1,"minecraft:skeleton":2,"minecraft:creeper":2,"minecraft:zombie":1},"minecraft:used":{"minecraft:oak_fence":2,"minecraft:water_bucket":31,"minecraft:flint_and_steel":27,"minecraft:stone_pickaxe":83,"minecraft:wooden_pickaxe":18,"minecraft:spruce_planks":34,"minecraft:shield":2,"minecraft:cooked_chicken":2,"minecraft:dirt":9,"minecraft:crafting_table":8,"minecraft:lava_bucket":14,"minecraft:iron_pickaxe":116,"minecraft:spruce_sapling":1,"minecraft:stone_axe":100,"minecraft:cobblestone":25,"minecraft:sweet_berries":5,"minecraft:furnace":3,"minecraft:bucket":46,"minecraft:andesite":12},"minecraft:killed":{"minecraft:cave_spider":1,"minecraft:spider":2,"minecraft:chicken":2},"minecraft:crafted":{"minecraft:crafting_table":2,"minecraft:spruce_planks":96,"minecraft:wooden_pickaxe":3,"minecraft:cooked_chicken":2,"minecraft:furnace":2,"minecraft:bucket":1,"minecraft:stone_axe":3,"minecraft:air":0,"minecraft:flint_and_steel":1,"minecraft:shield":1,"minecraft:stick":24,"minecraft:iron_ingot":11,"minecraft:iron_pickaxe":1,"minecraft:stone_pickaxe":3},"minecraft:dropped":{"minecraft:stone_axe":1,"minecraft:wheat_seeds":1,"minecraft:oak_log":5,"minecraft:cobblestone":1,"minecraft:warped_roots":4,"minecraft:granite":1,"minecraft:coal":8,"minecraft:stick":2,"minecraft:dirt":35,"minecraft:spruce_log":1,"minecraft:wooden_pickaxe":1,"minecraft:stone_pickaxe":1,"minecraft:white_wool":2}},"DataVersion":3465}