{"stats":{"minecraft:crafted":{"minecraft:oak_planks":20,"minecraft:cooked_porkchop":8,"minecraft:crafting_table":4,"minecraft:spruce_planks":140,"minecraft:iron_helmet":1,"minecraft:wooden_pickaxe":5,"minecraft:cooked_chicken":2,"minecraft:furnace":4,"minecraft:bucket":1,"minecraft:stone_axe":4,"minecraft:air":0,"minecraft:flint_and_steel":1,"minecraft:shield":3,"minecraft:stick":44,"minecraft:iron_ingot":26,"minecraft:iron_pickaxe":3,"minecraft:stone_pickaxe":6,"minecraft:stone_sword":1,"minecraft:gold_ingot":2},"minecraft:killed_by":{"minecraft:player":1,"minecraft:cave_spider":1,"minecraft:skeleton":2,"minecraft:creeper":2,"minecraft:zombie":2},"minecraft:dropped":{"minecraft:stone_axe":1,"minecraft:wheat_seeds":2,"minecraft:oak_log":5,"minecraft:cobblestone":1,"minecraft:rotten_flesh":3,"minecraft:warped_roots":4,"minecraft:granite":1,"minecraft:coal":8,"minecraft:stick":2,"minecraft:dirt":35,"minecraft:spruce_planks":1,"minecraft:spruce_log":1,"minecraft:wooden_pickaxe":4,"minecraft:stone_pickaxe":3,"minecraft:white_wool":2},"minecraft:picked_up":{"minecraft:crafting_table":17,"minecraft:magma_block":1,"minecraft:feather":2,"minecraft:chicken":2,"minecraft:andesite":37,"minecraft:golden_leggings":1,"minecraft:wooden_pickaxe":5,"minecraft:flint":2,"minecraft:tuff":8,"minecraft:oak_log":10,"minecraft:dirt":58,"minecraft:lapis_lazuli":85,"minecraft:string":5,"minecraft:cooked_mutton":1,"minecraft:bone":4,"minecraft:wheat_seeds":2,"minecraft:cobbled_deepslate":104,"minecraft:raw_gold":1,"minecraft:spruce_planks":68,"minecraft:iron_ingot":8,"minecraft:stone_pickaxe":3,"minecraft:iron_pickaxe":1,"minecraft:sugar_cane":8,"minecraft:birch_sapling":1,"minecraft:oak_planks":61,"minecraft:furnace":10,"minecraft:egg":1,"minecraft:stick":8,"minecraft:raw_iron":55,"minecraft:sweet_berries":34,"minecraft:oak_fence":2,"minecraft:torch":1,"minecraft:gravel":14,"minecraft:porkchop":10,"minecraft:spruce_sapling":5,"minecraft:diorite":19,"minecraft:spruce_log":79,"minecraft:arrow":2,"minecraft:rotten_flesh":7,"minecraft:diamond":5,"minecraft:stone_axe":3,"minecraft:granite":5,"minecraft:warped_roots":4,"minecraft:oak_sapling":1,"minecraft:mutton":3,"minecraft:coal":194,"minecraft:white_wool":3,"minecraft:cobblestone":325},"minecraft:used":{"minecraft:cooked_mutton":1,"minecraft:oak_fence":2,"minecraft:water_bucket":31,"minecraft:stone_sword":1,"minecraft:flint_and_steel":27,"minecraft:stone_pickaxe":266,"minecraft:oak_planks":4,"minecraft:wooden_pickaxe":34,"minecraft:spruce_planks":49,"minecraft:shield":7,"minecraft:cooked_chicken":2,"minecraft:white_wool":1,"minecraft:dirt":17,"minecraft:mutton":1,"minecraft:crafting_table":16,"minecraft:tuff":3,"minecraft:spruce_log":2,"minecraft:lava_bucket":14,"minecraft:iron_pickaxe":254,"minecraft:iron_helmet":1,"minecraft:spruce_sapling":1,"minecraft:stone_axe":148,"minecraft:cobblestone":86,"minecraft:sweet_berries":25,"minecraft:furnace":8,"minecraft:cooked_porkchop":5,"minecraft:bucket":46,"minecraft:andesite":14,"minecraft:cobbled_deepslate":29},"minecraft:killed":{"minecraft:cave_spider":1,"minecraft:pig":6,"minecraft:spider":3,"minecraft:sheep":1,"minecraft:zombie":7,"minecraft:chicken":2},"minecraft:mined":{"minecraft:tuff":8,"minecraft:spruce_planks":9,"minecraft:deepslate_diamond_ore":3,"minecraft:oak_fence":2,"minecraft:crafting_table":15,"minecraft:granite":3,"minecraft:grass_block":14,"minecraft:warped_roots":4,"minecraft:cobblestone":4,"minecraft:spruce_leaves":8,"minecraft:lapis_ore":5,"minecraft:oak_planks":4,"minecraft:diorite":19,"minecraft:large_fern":2,"minecraft:magma_block":1,"minecraft:furnace":8,"minecraft:iron_ore":31,"minecraft:fire":1,"minecraft:cobbled_deepslate":2,"minecraft:sweet_berry_bush":17,"minecraft:spruce_log":72,"minecraft:birch_leaves":6,"minecraft:andesite":25,"minecraft:deepslate_lapis_ore":8,"minecraft:grass":1,"minecraft:oak_log":5,"minecraft:coal_ore":65,"minecraft:deepslate_iron_ore":26,"minecraft:gravel":8,"minecraft:dirt":17,"minecraft:stone":258,"minecraft:gold_ore":1,"minecraft:oak_leaves":14,"minecraft:deepslate":82,"minecraft:fern":3},"minecraft:custom":{"minecraft:interact_with_furnace":34,"minecraft:mob_kills":20,"minecraft:interact_with_crafting_table":37,"minecraft:leave_game":1,"minecraft:time_since_death":18783,"minecraft:time_since_rest":18807,"minecraft:sprint_one_cm":248011,"minecraft:damage_taken":3670,"minecraft:walk_one_cm":221202,"minecraft:damage_blocked_by_shield":705,"minecraft:drop":23,"minecraft:damage_dealt":3503,"minecraft:swim_one_cm":34901,"minecraft:player_kills":3,"minecraft:fly_one_cm":252163,"minecraft:open_chest":2,"minecraft:crouch_one_cm":31853,"minecraft:play_time":102115,"minecraft:sneak_time":11795,"minecraft:deaths":10,"minecraft:walk_under_water_one_cm":18156,"minecraft:jump":1557,"minecraft:walk_on_water_one_cm":13046,"minecraft:total_world_time":102115,"minecraft:fall_one_cm":49755}},"DataVersion":3465}