{"stats":{"minecraft:crafted":{"minecraft:crafting_table":3,"minecraft:spruce_planks":112,"minecraft:iron_helmet":1,"minecraft:wooden_pickaxe":4,"minecraft:cooked_chicken":2,"minecraft:furnace":3,"minecraft:bucket":1,"minecraft:stone_axe":3,"minecraft:air":0,"minecraft:flint_and_steel":1,"minecraft:shield":2,"minecraft:stick":28,"minecraft:iron_ingot":22,"minecraft:iron_pickaxe":2,"minecraft:stone_pickaxe":4,"minecraft:gold_ingot":2},"minecraft:killed_by":{"minecraft:cave_spider":1,"minecraft:skeleton":2,"minecraft:creeper":2,"minecraft:zombie":1},"minecraft:dropped":{"minecraft:stone_axe":1,"minecraft:wheat_seeds":1,"minecraft:oak_log":5,"minecraft:cobblestone":1,"minecraft:warped_roots":4,"minecraft:granite":1,"minecraft:coal":8,"minecraft:stick":2,"minecraft:dirt":35,"minecraft:spruce_planks":1,"minecraft:spruce_log":1,"minecraft:wooden_pickaxe":3,"minecraft:stone_pickaxe":2,"minecraft:white_wool":2},"minecraft:picked_up":{"minecraft:crafting_table":14,"minecraft:magma_block":1,"minecraft:feather":2,"minecraft:chicken":2,"minecraft:andesite":28,"minecraft:golden_leggings":1,"minecraft:wooden_pickaxe":4,"minecraft:flint":2,"minecraft:tuff":3,"minecraft:oak_log":5,"minecraft:dirt":50,"minecraft:lapis_lazuli":85,"minecraft:string":5,"minecraft:bone":4,"minecraft:wheat_seeds":1,"minecraft:cobbled_deepslate":48,"minecraft:raw_gold":1,"minecraft:spruce_planks":54,"minecraft:iron_ingot":8,"minecraft:stone_pickaxe":2,"minecraft:iron_pickaxe":1,"minecraft:sugar_cane":8,"minecraft:birch_sapling":1,"minecraft:oak_planks":57,"minecraft:furnace":8,"minecraft:egg":1,"minecraft:stick":8,"minecraft:raw_iron":48,"minecraft:sweet_berries":34,"minecraft:oak_fence":2,"minecraft:torch":1,"minecraft:gravel":14,"minecraft:porkchop":2,"minecraft:spruce_sapling":5,"minecraft:diorite":19,"minecraft:spruce_log":72,"minecraft:arrow":2,"minecraft:rotten_flesh":1,"minecraft:diamond":3,"minecraft:stone_axe":3,"minecraft:granite":3,"minecraft:warped_roots":4,"minecraft:oak_sapling":1,"minecraft:coal":105,"minecraft:white_wool":2,"minecraft:cobblestone":273},"minecraft:used":{"minecraft:oak_fence":2,"minecraft:water_bucket":31,"minecraft:flint_and_steel":27,"minecraft:stone_pickaxe":136,"minecraft:wooden_pickaxe":21,"minecraft:spruce_planks":35,"minecraft:shield":4,"minecraft:cooked_chicken":2,"minecraft:dirt":10,"minecraft:crafting_table":13,"minecraft:tuff":3,"minecraft:spruce_log":2,"minecraft:lava_bucket":14,"minecraft:iron_pickaxe":250,"minecraft:iron_helmet":1,"minecraft:spruce_sapling":1,"minecraft:stone_axe":114,"minecraft:cobblestone":66,"minecraft:sweet_berries":25,"minecraft:furnace":6,"minecraft:bucket":46,"minecraft:andesite":14,"minecraft:cobbled_deepslate":25},"minecraft:killed":{"minecraft:cave_spider":1,"minecraft:pig":1,"minecraft:spider":2,"minecraft:zombie":2,"minecraft:chicken":2},"minecraft:mined":{"minecraft:tuff":3,"minecraft:spruce_planks":8,"minecraft:deepslate_diamond_ore":3,"minecraft:oak_fence":2,"minecraft:crafting_table":12,"minecraft:granite":1,"minecraft:grass_block":12,"minecraft:warped_roots":4,"minecraft:cobblestone":1,"minecraft:spruce_leaves":6,"minecraft:lapis_ore":5,"minecraft:diorite":19,"minecraft:large_fern":2,"minecraft:magma_block":1,"minecraft:furnace":6,"minecraft:iron_ore":31,"minecraft:fire":1,"minecraft:cobbled_deepslate":2,"minecraft:sweet_berry_bush":17,"minecraft:spruce_log":64,"minecraft:birch_leaves":6,"minecraft:andesite":16,"minecraft:deepslate_lapis_ore":8,"minecraft:coal_ore":28,"minecraft:deepslate_iron_ore":19,"minecraft:gravel":8,"minecraft:dirt":11,"minecraft:stone":209,"minecraft:gold_ore":1,"minecraft:oak_leaves":13,"minecraft:deepslate":49,"minecraft:fern":2},"minecraft:custom":{"minecraft:interact_with_furnace":20,"minecraft:mob_kills":8,"minecraft:interact_with_crafting_table":25,"minecraft:leave_game":1,"minecraft:time_since_death":3656,"minecraft:time_since_rest":3682,"minecraft:sprint_one_cm":187944,"minecraft:damage_taken":2339,"minecraft:walk_one_cm":170908,"minecraft:damage_blocked_by_shield":525,"minecraft:drop":19,"minecraft:damage_dealt":1494,"minecraft:swim_one_cm":9452,"minecraft:player_kills":1,"minecraft:fly_one_cm":162144,"minecraft:open_chest":2,"minecraft:crouch_one_cm":23962,"minecraft:play_time":78115,"minecraft:sneak_time":8082,"minecraft:deaths":7,"minecraft:walk_under_water_one_cm":10085,"minecraft:jump":1143,"minecraft:walk_on_water_one_cm":11389,"minecraft:total_world_time":78115,"minecraft:fall_one_cm":39480}},"DataVersion":3465}