{"stats":{"minecraft:dropped":{"minecraft:iron_nugget":4,"minecraft:cobblestone":4,"minecraft:granite":2,"minecraft:dirt":12,"minecraft:leather_chestplate":1,"minecraft:diorite":8,"minecraft:andesite":6,"minecraft:iron_pickaxe":1},"minecraft:custom":{"minecraft:interact_with_smithing_table":1,"minecraft:interact_with_furnace":20,"minecraft:mob_kills":67,"minecraft:interact_with_crafting_table":29,"minecraft:leave_game":3,"minecraft:time_since_death":104013,"minecraft:sleep_in_bed":1,"minecraft:time_since_rest":22405,"minecraft:sprint_one_cm":173387,"minecraft:damage_absorbed":40,"minecraft:damage_taken":1568,"minecraft:walk_one_cm":202397,"minecraft:damage_blocked_by_shield":2820,"minecraft:drop":12,"minecraft:damage_dealt":10242,"minecraft:swim_one_cm":7209,"minecraft:fly_one_cm":270774,"minecraft:open_chest":17,"minecraft:crouch_one_cm":22161,"minecraft:play_time":104013,"minecraft:sneak_time":7005,"minecraft:walk_under_water_one_cm":11215,"minecraft:boat_one_cm":332896,"minecraft:jump":1517,"minecraft:walk_on_water_one_cm":16251,"minecraft:enchant_item":6,"minecraft:total_world_time":104013,"minecraft:fall_one_cm":41930},"minecraft:broken":{"minecraft:stone_axe":1},"minecraft:killed":{"minecraft:pig":23,"minecraft:spider":2,"minecraft:creeper":1,"minecraft:horse":4,"minecraft:sheep":6,"minecraft:skeleton":7,"minecraft:zombie":11,"minecraft:drowned":11},"minecraft:crafted":{"minecraft:oak_planks":144,"minecraft:cooked_porkchop":47,"minecraft:crafting_table":2,"minecraft:enchanting_table":1,"minecraft:spruce_planks":20,"minecraft:iron_helmet":1,"minecraft:wooden_pickaxe":1,"minecraft:iron_sword":1,"minecraft:smithing_table":1,"minecraft:furnace":2,"minecraft:bucket":2,"minecraft:stone_axe":1,"minecraft:cooked_mutton":2,"minecraft:air":0,"minecraft:flint_and_steel":1,"minecraft:book":1,"minecraft:paper":3,"minecraft:diamond_pickaxe":1,"minecraft:iron_boots":1,"minecraft:shield":2,"minecraft:iron_axe":1,"minecraft:stick":16,"minecraft:iron_ingot":71,"minecraft:iron_pickaxe":2,"minecraft:stone_pickaxe":1,"minecraft:chest":2,"minecraft:iron_leggings":1,"minecraft:white_bed":2,"minecraft:spruce_boat":1,"minecraft:diamond_chestplate":1},"minecraft:used":{"minecraft:cooked_mutton":4,"minecraft:water_bucket":27,"minecraft:enchanting_table":2,"minecraft:flint_and_steel":1,"minecraft:stone_pickaxe":21,"minecraft:oak_planks":57,"minecraft:spruce_planks":10,"minecraft:chest":2,"minecraft:shield":37,"minecraft:wooden_pickaxe":4,"minecraft:leather_chestplate":1,"minecraft:iron_sword":57,"minecraft:sugar_cane":18,"minecraft:rotten_flesh":10,"minecraft:torch":1,"minecraft:golden_apple":1,"minecraft:dirt":2,"minecraft:crafting_table":11,"minecraft:white_bed":2,"minecraft:spruce_boat":4,"minecraft:diamond_pickaxe":33,"minecraft:lava_bucket":18,"minecraft:iron_axe":91,"minecraft:bread":3,"minecraft:iron_pickaxe":354,"minecraft:diamond_chestplate":1,"minecraft:stone_axe":75,"minecraft:cobblestone":53,"minecraft:furnace":7,"minecraft:cooked_porkchop":12,"minecraft:smithing_table":2,"minecraft:bucket":47,"minecraft:andesite":7,"minecraft:cobbled_deepslate":101},"minecraft:mined":{"minecraft:smithing_table":1,"minecraft:spruce_planks":10,"minecraft:soul_sand":9,"minecraft:deepslate_diamond_ore":14,"minecraft:soul_fire":3,"minecraft:obsidian":4,"minecraft:crafting_table":9,"minecraft:granite":2,"minecraft:grass_block":14,"minecraft:soul_soil":8,"minecraft:cobblestone":5,"minecraft:spruce_leaves":3,"minecraft:oak_planks":15,"minecraft:sugar_cane":7,"minecraft:diorite":8,"minecraft:tall_seagrass":1,"minecraft:furnace":4,"minecraft:iron_ore":30,"minecraft:cobbled_deepslate":7,"minecraft:ice":1,"minecraft:spruce_log":6,"minecraft:andesite":13,"minecraft:deepslate_lapis_ore":9,"minecraft:enchanting_table":1,"minecraft:grass":1,"minecraft:oak_log":36,"minecraft:coal_ore":34,"minecraft:deepslate_iron_ore":42,"minecraft:gravel":1,"minecraft:dirt":4,"minecraft:stone":89,"minecraft:bone_block":27,"minecraft:oak_leaves":2,"minecraft:deepslate":99},"minecraft:picked_up":{"minecraft:enchanting_table":1,"minecraft:crafting_table":9,"minecraft:andesite":13,"minecraft:leather":3,"minecraft:smithing_table":1,"minecraft:wooden_pickaxe":1,"minecraft:flint":1,"minecraft:oak_log":36,"minecraft:lapis_lazuli":52,"minecraft:dirt":17,"minecraft:string":3,"minecraft:soul_soil":8,"minecraft:cooked_mutton":2,"minecraft:bone":6,"minecraft:cobbled_deepslate":112,"minecraft:spruce_planks":25,"minecraft:iron_ingot":1,"minecraft:sugar_cane":21,"minecraft:soul_sand":9,"minecraft:oak_planks":19,"minecraft:furnace":5,"minecraft:raw_iron":109,"minecraft:porkchop":47,"minecraft:diorite":8,"minecraft:spruce_log":5,"minecraft:spider_eye":1,"minecraft:arrow":7,"minecraft:rotten_flesh":10,"minecraft:diamond":14,"minecraft:spruce_boat":3,"minecraft:granite":2,"minecraft:bone_block":27,"minecraft:obsidian":4,"minecraft:mutton":4,"minecraft:coal":118,"minecraft:white_wool":6,"minecraft:cobblestone":96}},"DataVersion":3465}