{"stats":{"minecraft:crafted":{"minecraft:oak_planks":36,"minecraft:cooked_porkchop":8,"minecraft:crafting_table":7,"minecraft:spruce_planks":160,"minecraft:iron_helmet":1,"minecraft:wooden_pickaxe":6,"minecraft:cooked_chicken":2,"minecraft:furnace":5,"minecraft:bucket":1,"minecraft:birch_planks":4,"minecraft:stone_axe":4,"minecraft:air":0,"minecraft:flint_and_steel":1,"minecraft:oak_boat":1,"minecraft:shield":3,"minecraft:stick":48,"minecraft:iron_ingot":26,"minecraft:iron_pickaxe":3,"minecraft:stone_pickaxe":7,"minecraft:stone_sword":1,"minecraft:gold_ingot":2},"minecraft:killed_by":{"minecraft:player":1,"minecraft:cave_spider":1,"minecraft:skeleton":2,"minecraft:creeper":3,"minecraft:zombie":2},"minecraft:dropped":{"minecraft:stone_axe":1,"minecraft:wheat_seeds":2,"minecraft:oak_log":5,"minecraft:cobblestone":1,"minecraft:rotten_flesh":3,"minecraft:warped_roots":4,"minecraft:granite":1,"minecraft:coal":8,"minecraft:stick":2,"minecraft:dirt":35,"minecraft:spruce_planks":1,"minecraft:spruce_log":1,"minecraft:stone_pickaxe":3,"minecraft:wooden_pickaxe":5,"minecraft:white_wool":2},"minecraft:picked_up":{"minecraft:birch_log":1,"minecraft:crafting_table":17,"minecraft:magma_block":1,"minecraft:feather":2,"minecraft:chicken":2,"minecraft:glow_ink_sac":8,"minecraft:andesite":37,"minecraft:golden_leggings":1,"minecraft:wooden_pickaxe":5,"minecraft:flint":2,"minecraft:tuff":9,"minecraft:oak_log":14,"minecraft:lapis_lazuli":85,"minecraft:string":6,"minecraft:dirt":61,"minecraft:cooked_mutton":1,"minecraft:bone":4,"minecraft:wheat_seeds":2,"minecraft:cobbled_deepslate":106,"minecraft:raw_gold":1,"minecraft:spruce_planks":68,"minecraft:iron_ingot":8,"minecraft:stone_pickaxe":3,"minecraft:oak_boat":1,"minecraft:iron_pickaxe":1,"minecraft:sugar_cane":8,"minecraft:birch_sapling":1,"minecraft:oak_planks":61,"minecraft:furnace":10,"minecraft:egg":1,"minecraft:stick":9,"minecraft:raw_iron":67,"minecraft:sweet_berries":34,"minecraft:oak_fence":2,"minecraft:torch":1,"minecraft:gravel":14,"minecraft:porkchop":10,"minecraft:spruce_sapling":5,"minecraft:diorite":19,"minecraft:spruce_log":84,"minecraft:arrow":2,"minecraft:rotten_flesh":7,"minecraft:diamond":5,"minecraft:stone_axe":3,"minecraft:granite":5,"minecraft:warped_roots":4,"minecraft:oak_sapling":1,"minecraft:mutton":3,"minecraft:coal":211,"minecraft:white_wool":3,"minecraft:cobblestone":377},"minecraft:used":{"minecraft:cooked_mutton":1,"minecraft:oak_fence":2,"minecraft:water_bucket":31,"minecraft:stone_sword":1,"minecraft:flint_and_steel":27,"minecraft:birch_planks":2,"minecraft:stone_pickaxe":339,"minecraft:oak_planks":4,"minecraft:spruce_planks":49,"minecraft:wooden_pickaxe":37,"minecraft:shield":7,"minecraft:cooked_chicken":2,"minecraft:white_wool":1,"minecraft:dirt":20,"minecraft:mutton":1,"minecraft:crafting_table":19,"minecraft:tuff":3,"minecraft:spruce_log":2,"minecraft:lava_bucket":14,"minecraft:iron_pickaxe":267,"minecraft:iron_helmet":1,"minecraft:spruce_sapling":1,"minecraft:stone_axe":148,"minecraft:cobblestone":107,"minecraft:sweet_berries":25,"minecraft:furnace":9,"minecraft:cooked_porkchop":6,"minecraft:andesite":14,"minecraft:bucket":46,"minecraft:oak_boat":1,"minecraft:cobbled_deepslate":29},"minecraft:killed":{"minecraft:cave_spider":1,"minecraft:pig":6,"minecraft:spider":3,"minecraft:sheep":1,"minecraft:zombie":7,"minecraft:chicken":2},"minecraft:mined":{"minecraft:tuff":9,"minecraft:spruce_planks":9,"minecraft:deepslate_diamond_ore":3,"minecraft:oak_fence":2,"minecraft:crafting_table":15,"minecraft:granite":3,"minecraft:grass_block":15,"minecraft:warped_roots":4,"minecraft:cobblestone":4,"minecraft:spruce_leaves":11,"minecraft:lapis_ore":5,"minecraft:oak_planks":4,"minecraft:diorite":19,"minecraft:large_fern":2,"minecraft:magma_block":1,"minecraft:furnace":8,"minecraft:iron_ore":34,"minecraft:fire":1,"minecraft:cobbled_deepslate":4,"minecraft:sweet_berry_bush":17,"minecraft:spruce_log":77,"minecraft:birch_leaves":6,"minecraft:andesite":25,"minecraft:deepslate_lapis_ore":8,"minecraft:grass":3,"minecraft:coal_ore":82,"minecraft:oak_log":9,"minecraft:deepslate_iron_ore":35,"minecraft:gravel":8,"minecraft:dirt":19,"minecraft:stone":313,"minecraft:gold_ore":1,"minecraft:oak_leaves":14,"minecraft:deepslate":82,"minecraft:fern":3},"minecraft:custom":{"minecraft:interact_with_furnace":35,"minecraft:mob_kills":20,"minecraft:interact_with_crafting_table":42,"minecraft:leave_game":1,"minecraft:time_since_death":10428,"minecraft:time_since_rest":10460,"minecraft:sprint_one_cm":284924,"minecraft:damage_taken":4020,"minecraft:walk_one_cm":239035,"minecraft:damage_blocked_by_shield":705,"minecraft:drop":24,"minecraft:damage_dealt":3543,"minecraft:swim_one_cm":42232,"minecraft:player_kills":3,"minecraft:fly_one_cm":288430,"minecraft:open_chest":2,"minecraft:crouch_one_cm":41080,"minecraft:play_time":116583,"minecraft:sneak_time":14658,"minecraft:deaths":11,"minecraft:boat_one_cm":12171,"minecraft:walk_under_water_one_cm":18836,"minecraft:jump":1736,"minecraft:walk_on_water_one_cm":14078,"minecraft:total_world_time":116583,"minecraft:fall_one_cm":55321}},"DataVersion":3465}