{"stats":{"minecraft:custom":{"minecraft:time_since_rest":21662,"minecraft:sprint_one_cm":22440,"minecraft:damage_taken":179,"minecraft:walk_one_cm":29909,"minecraft:mob_kills":11,"minecraft:damage_dealt":2626,"minecraft:swim_one_cm":5015,"minecraft:interact_with_crafting_table":5,"minecraft:fly_one_cm":65598,"minecraft:open_chest":2,"minecraft:crouch_one_cm":2991,"minecraft:play_time":21662,"minecraft:sneak_time":533,"minecraft:walk_under_water_one_cm":10177,"minecraft:boat_one_cm":249826,"minecraft:jump":241,"minecraft:time_since_death":21662,"minecraft:leave_game":2,"minecraft:walk_on_water_one_cm":13307,"minecraft:total_world_time":21662,"minecraft:fall_one_cm":4871},"minecraft:killed":{"minecraft:drowned":11},"minecraft:crafted":{"minecraft:crafting_table":1,"minecraft:spruce_planks":20,"minecraft:stick":8,"minecraft:wooden_pickaxe":1,"minecraft:stone_pickaxe":1,"minecraft:spruce_boat":1,"minecraft:stone_axe":1},"minecraft:picked_up":{"minecraft:crafting_table":2,"minecraft:wooden_pickaxe":1,"minecraft:spruce_log":5,"minecraft:dirt":1,"minecraft:rotten_flesh":5,"minecraft:spruce_boat":3,"minecraft:spruce_planks":15,"minecraft:sugar_cane":17,"minecraft:cobblestone":27,"minecraft:furnace":1},"minecraft:mined":{"minecraft:ice":1,"minecraft:spruce_log":6,"minecraft:crafting_table":2,"minecraft:grass_block":1,"minecraft:spruce_leaves":3,"minecraft:stone":18,"minecraft:sugar_cane":4},"minecraft:used":{"minecraft:spruce_boat":4,"minecraft:stone_pickaxe":14,"minecraft:wooden_pickaxe":4,"minecraft:leather_chestplate":1,"minecraft:rotten_flesh":5,"minecraft:stone_axe":45,"minecraft:dirt":1,"minecraft:crafting_table":1}},"DataVersion":3465}