{"stats":{"minecraft:custom":{"minecraft:interact_with_furnace":20,"minecraft:mob_kills":8,"minecraft:interact_with_crafting_table":22,"minecraft:leave_game":1,"minecraft:time_since_death":30099,"minecraft:time_since_rest":30128,"minecraft:sprint_one_cm":165647,"minecraft:damage_taken":2061,"minecraft:walk_one_cm":160015,"minecraft:damage_blocked_by_shield":525,"minecraft:drop":18,"minecraft:damage_dealt":1484,"minecraft:swim_one_cm":3302,"minecraft:player_kills":1,"minecraft:fly_one_cm":133706,"minecraft:open_chest":2,"minecraft:crouch_one_cm":23141,"minecraft:play_time":67179,"minecraft:sneak_time":7756,"minecraft:deaths":6,"minecraft:walk_under_water_one_cm":5823,"minecraft:jump":923,"minecraft:walk_on_water_one_cm":9289,"minecraft:total_world_time":67179,"minecraft:fall_one_cm":34403},"minecraft:mined":{"minecraft:tuff":3,"minecraft:spruce_planks":8,"minecraft:deepslate_diamond_ore":3,"minecraft:oak_fence":2,"minecraft:crafting_table":12,"minecraft:granite":1,"minecraft:grass_block":12,"minecraft:warped_roots":4,"minecraft:cobblestone":1,"minecraft:spruce_leaves":6,"minecraft:lapis_ore":5,"minecraft:diorite":19,"minecraft:large_fern":2,"minecraft:magma_block":1,"minecraft:furnace":6,"minecraft:cobbled_deepslate":1,"minecraft:iron_ore":31,"minecraft:sweet_berry_bush":17,"minecraft:fire":1,"minecraft:spruce_log":60,"minecraft:andesite":16,"minecraft:birch_leaves":6,"minecraft:coal_ore":28,"minecraft:deepslate_iron_ore":17,"minecraft:gravel":8,"minecraft:dirt":11,"minecraft:stone":170,"minecraft:oak_leaves":13,"minecraft:deepslate":13,"minecraft:fern":2},"minecraft:picked_up":{"minecraft:magma_block":1,"minecraft:crafting_table":14,"minecraft:feather":2,"minecraft:chicken":2,"minecraft:andesite":28,"minecraft:golden_leggings":1,"minecraft:wooden_pickaxe":4,"minecraft:flint":2,"minecraft:tuff":3,"minecraft:oak_log":5,"minecraft:lapis_lazuli":28,"minecraft:dirt":50,"minecraft:string":5,"minecraft:bone":4,"minecraft:wheat_seeds":1,"minecraft:cobbled_deepslate":11,"minecraft:spruce_planks":54,"minecraft:iron_ingot":8,"minecraft:stone_pickaxe":2,"minecraft:iron_pickaxe":1,"minecraft:sugar_cane":8,"minecraft:birch_sapling":1,"minecraft:oak_planks":57,"minecraft:egg":1,"minecraft:furnace":8,"minecraft:stick":8,"minecraft:raw_iron":46,"minecraft:sweet_berries":34,"minecraft:oak_fence":2,"minecraft:torch":1,"minecraft:gravel":14,"minecraft:porkchop":2,"minecraft:spruce_sapling":5,"minecraft:diorite":19,"minecraft:spruce_log":68,"minecraft:arrow":2,"minecraft:rotten_flesh":1,"minecraft:diamond":3,"minecraft:stone_axe":3,"minecraft:granite":3,"minecraft:warped_roots":4,"minecraft:oak_sapling":1,"minecraft:coal":105,"minecraft:white_wool":2,"minecraft:cobblestone":234},"minecraft:killed_by":{"minecraft:cave_spider":1,"minecraft:skeleton":2,"minecraft:creeper":2,"minecraft:zombie":1},"minecraft:used":{"minecraft:oak_fence":2,"minecraft:water_bucket":31,"minecraft:flint_and_steel":27,"minecraft:stone_pickaxe":136,"minecraft:wooden_pickaxe":18,"minecraft:spruce_planks":35,"minecraft:shield":4,"minecraft:cooked_chicken":2,"minecraft:dirt":10,"minecraft:crafting_table":12,"minecraft:tuff":2,"minecraft:spruce_log":2,"minecraft:lava_bucket":14,"minecraft:iron_pickaxe":166,"minecraft:iron_helmet":1,"minecraft:spruce_sapling":1,"minecraft:stone_axe":114,"minecraft:cobblestone":66,"minecraft:sweet_berries":22,"minecraft:furnace":6,"minecraft:bucket":46,"minecraft:andesite":14,"minecraft:cobbled_deepslate":8},"minecraft:killed":{"minecraft:cave_spider":1,"minecraft:pig":1,"minecraft:spider":2,"minecraft:zombie":2,"minecraft:chicken":2},"minecraft:crafted":{"minecraft:crafting_table":2,"minecraft:spruce_planks":96,"minecraft:iron_helmet":1,"minecraft:wooden_pickaxe":3,"minecraft:cooked_chicken":2,"minecraft:furnace":3,"minecraft:bucket":1,"minecraft:stone_axe":3,"minecraft:air":0,"minecraft:flint_and_steel":1,"minecraft:shield":2,"minecraft:stick":24,"minecraft:iron_ingot":22,"minecraft:iron_pickaxe":2,"minecraft:stone_pickaxe":3,"minecraft:gold_ingot":2},"minecraft:dropped":{"minecraft:stone_axe":1,"minecraft:wheat_seeds":1,"minecraft:oak_log":5,"minecraft:cobblestone":1,"minecraft:warped_roots":4,"minecraft:granite":1,"minecraft:coal":8,"minecraft:stick":2,"minecraft:dirt":35,"minecraft:spruce_planks":1,"minecraft:spruce_log":1,"minecraft:wooden_pickaxe":2,"minecraft:stone_pickaxe":2,"minecraft:white_wool":2}},"DataVersion":3465}