{"stats":{"minecraft:crafted":{"minecraft:oak_planks":40,"minecraft:cooked_chicken":2,"minecraft:furnace":5,"minecraft:flint_and_steel":1,"minecraft:stone_pickaxe":7,"minecraft:cooked_porkchop":8,"minecraft:crafting_table":8,"minecraft:spruce_planks":160,"minecraft:wooden_pickaxe":6,"minecraft:iron_helmet":1,"minecraft:bucket":1,"minecraft:birch_planks":4,"minecraft:stone_axe":5,"minecraft:air":0,"minecraft:oak_boat":1,"minecraft:shield":3,"minecraft:stick":56,"minecraft:iron_ingot":29,"minecraft:iron_pickaxe":4,"minecraft:stone_sword":1,"minecraft:gold_ingot":2},"minecraft:killed_by":{"minecraft:player":1,"minecraft:creeper":4,"minecraft:cave_spider":1,"minecraft:skeleton":2,"minecraft:zombie":2},"minecraft:dropped":{"minecraft:wheat_seeds":2,"minecraft:oak_log":5,"minecraft:cobblestone":1,"minecraft:warped_roots":4,"minecraft:granite":1,"minecraft:coal":8,"minecraft:stick":2,"minecraft:dirt":35,"minecraft:string":1,"minecraft:white_wool":2,"minecraft:stone_axe":1,"minecraft:rotten_flesh":3,"minecraft:spruce_planks":1,"minecraft:spruce_log":1,"minecraft:wooden_pickaxe":5,"minecraft:stone_pickaxe":3},"minecraft:picked_up":{"minecraft:crafting_table":19,"minecraft:chicken":2,"minecraft:wooden_pickaxe":5,"minecraft:string":7,"minecraft:cobbled_deepslate":106,"minecraft:spruce_planks":68,"minecraft:oak_boat":2,"minecraft:iron_pickaxe":2,"minecraft:lectern":1,"minecraft:sugar_cane":8,"minecraft:birch_sapling":1,"minecraft:egg":3,"minecraft:furnace":10,"minecraft:stick":17,"minecraft:raw_iron":75,"minecraft:oak_fence":2,"minecraft:torch":1,"minecraft:porkchop":10,"minecraft:diorite":19,"minecraft:arrow":2,"minecraft:rotten_flesh":9,"minecraft:mutton":3,"minecraft:white_wool":3,"minecraft:cobblestone":412,"minecraft:birch_log":1,"minecraft:magma_block":1,"minecraft:feather":2,"minecraft:glow_ink_sac":8,"minecraft:andesite":37,"minecraft:golden_leggings":1,"minecraft:potato":3,"minecraft:flint":2,"minecraft:tuff":9,"minecraft:oak_log":19,"minecraft:lapis_lazuli":85,"minecraft:dirt":62,"minecraft:cooked_mutton":1,"minecraft:bone":4,"minecraft:wheat_seeds":2,"minecraft:raw_gold":1,"minecraft:stone_pickaxe":4,"minecraft:iron_ingot":8,"minecraft:oak_planks":61,"minecraft:book":12,"minecraft:sweet_berries":34,"minecraft:gravel":14,"minecraft:spruce_sapling":5,"minecraft:spruce_log":84,"minecraft:diamond":5,"minecraft:stone_axe":4,"minecraft:granite":5,"minecraft:warped_roots":4,"minecraft:oak_sapling":2,"minecraft:coal":238},"minecraft:used":{"minecraft:oak_fence":2,"minecraft:stone_sword":1,"minecraft:flint_and_steel":27,"minecraft:spruce_planks":49,"minecraft:shield":7,"minecraft:cooked_chicken":2,"minecraft:dirt":20,"minecraft:mutton":1,"minecraft:tuff":3,"minecraft:lava_bucket":14,"minecraft:iron_helmet":1,"minecraft:sweet_berries":25,"minecraft:furnace":9,"minecraft:egg":1,"minecraft:potato":3,"minecraft:cobbled_deepslate":29,"minecraft:cooked_mutton":1,"minecraft:water_bucket":31,"minecraft:birch_planks":2,"minecraft:stone_pickaxe":345,"minecraft:oak_planks":4,"minecraft:wooden_pickaxe":37,"minecraft:white_wool":1,"minecraft:crafting_table":20,"minecraft:spruce_log":2,"minecraft:iron_pickaxe":288,"minecraft:spruce_sapling":1,"minecraft:stone_axe":163,"minecraft:cobblestone":116,"minecraft:cooked_porkchop":6,"minecraft:bucket":46,"minecraft:andesite":14,"minecraft:oak_boat":2},"minecraft:killed":{"minecraft:cave_spider":1,"minecraft:spider":4,"minecraft:chicken":2,"minecraft:pig":6,"minecraft:sheep":1,"minecraft:zombie":7},"minecraft:mined":{"minecraft:tuff":9,"minecraft:spruce_planks":9,"minecraft:deepslate_diamond_ore":3,"minecraft:granite":3,"minecraft:grass_block":15,"minecraft:spruce_leaves":11,"minecraft:large_fern":2,"minecraft:magma_block":1,"minecraft:furnace":9,"minecraft:iron_ore":38,"minecraft:cobbled_deepslate":4,"minecraft:fire":1,"minecraft:andesite":25,"minecraft:deepslate_lapis_ore":8,"minecraft:bookshelf":4,"minecraft:potatoes":1,"minecraft:deepslate_iron_ore":35,"minecraft:stone":322,"minecraft:oak_fence":2,"minecraft:crafting_table":16,"minecraft:warped_roots":4,"minecraft:lectern":1,"minecraft:cobblestone":6,"minecraft:lapis_ore":5,"minecraft:oak_planks":4,"minecraft:diorite":19,"minecraft:sweet_berry_bush":17,"minecraft:spruce_log":77,"minecraft:birch_leaves":6,"minecraft:grass":7,"minecraft:oak_log":14,"minecraft:coal_ore":92,"minecraft:gravel":8,"minecraft:dirt":19,"minecraft:gold_ore":1,"minecraft:oak_leaves":19,"minecraft:deepslate":82,"minecraft:fern":3},"minecraft:custom":{"minecraft:mob_kills":21,"minecraft:interact_with_crafting_table":44,"minecraft:leave_game":1,"minecraft:time_since_death":9138,"minecraft:sprint_one_cm":345149,"minecraft:walk_one_cm":270221,"minecraft:damage_blocked_by_shield":705,"minecraft:drop":25,"minecraft:play_time":128583,"minecraft:deaths":12,"minecraft:sneak_time":15163,"minecraft:walk_under_water_one_cm":19128,"minecraft:boat_one_cm":12171,"minecraft:jump":2026,"minecraft:walk_on_water_one_cm":14634,"minecraft:total_world_time":128583,"minecraft:interact_with_furnace":37,"minecraft:sleep_in_bed":1,"minecraft:time_since_rest":0,"minecraft:damage_taken":4495,"minecraft:damage_dealt":3736,"minecraft:swim_one_cm":49767,"minecraft:fly_one_cm":347138,"minecraft:player_kills":3,"minecraft:open_chest":3,"minecraft:crouch_one_cm":43012,"minecraft:fall_one_cm":62679}},"DataVersion":3465}