{"stats":{"minecraft:crafted":{"minecraft:wooden_sword":1,"minecraft:oak_planks":64,"minecraft:cooked_chicken":2,"minecraft:furnace":5,"minecraft:flint_and_steel":1,"minecraft:stone_pickaxe":8,"minecraft:spruce_boat":1,"minecraft:cooked_porkchop":8,"minecraft:crafting_table":12,"minecraft:spruce_planks":172,"minecraft:wooden_pickaxe":7,"minecraft:iron_helmet":1,"minecraft:bucket":1,"minecraft:birch_planks":4,"minecraft:stone_axe":5,"minecraft:air":0,"minecraft:oak_boat":2,"minecraft:shield":3,"minecraft:stick":60,"minecraft:iron_ingot":29,"minecraft:iron_pickaxe":4,"minecraft:stone_sword":1,"minecraft:gold_ingot":2,"minecraft:white_bed":1},"minecraft:killed_by":{"minecraft:player":1,"minecraft:creeper":4,"minecraft:cave_spider":1,"minecraft:skeleton":5,"minecraft:zombie":3},"minecraft:dropped":{"minecraft:wheat_seeds":4,"minecraft:oak_log":5,"minecraft:poisonous_potato":1,"minecraft:feather":2,"minecraft:cobblestone":1,"minecraft:warped_roots":4,"minecraft:granite":1,"minecraft:coal":8,"minecraft:stick":2,"minecraft:dirt":38,"minecraft:string":1,"minecraft:white_wool":2,"minecraft:stone_axe":1,"minecraft:wheat":1,"minecraft:rotten_flesh":5,"minecraft:spruce_planks":1,"minecraft:spruce_log":1,"minecraft:wooden_pickaxe":6,"minecraft:stone_pickaxe":3},"minecraft:picked_up":{"minecraft:crafting_table":19,"minecraft:wheat":4,"minecraft:chicken":7,"minecraft:wooden_pickaxe":6,"minecraft:enchanted_book":1,"minecraft:string":13,"minecraft:wooden_sword":1,"minecraft:beetroot":1,"minecraft:cobbled_deepslate":199,"minecraft:spruce_planks":211,"minecraft:beef":3,"minecraft:oak_boat":4,"minecraft:iron_pickaxe":3,"minecraft:lectern":2,"minecraft:sugar_cane":8,"minecraft:birch_sapling":1,"minecraft:egg":4,"minecraft:furnace":10,"minecraft:sandstone":4,"minecraft:stick":28,"minecraft:raw_iron":91,"minecraft:oak_fence":2,"minecraft:torch":1,"minecraft:porkchop":17,"minecraft:diorite":23,"minecraft:carrot":16,"minecraft:arrow":2,"minecraft:rotten_flesh":31,"minecraft:beetroot_seeds":3,"minecraft:mutton":23,"minecraft:white_wool":7,"minecraft:cobblestone":451,"minecraft:birch_log":1,"minecraft:magma_block":1,"minecraft:feather":8,"minecraft:glow_ink_sac":8,"minecraft:andesite":39,"minecraft:golden_leggings":1,"minecraft:potato":3,"minecraft:flint":2,"minecraft:tuff":12,"minecraft:oak_log":25,"minecraft:yellow_bed":1,"minecraft:gunpowder":10,"minecraft:lapis_lazuli":85,"minecraft:dirt":72,"minecraft:cooked_mutton":1,"minecraft:bone":4,"minecraft:wheat_seeds":14,"minecraft:raw_gold":9,"minecraft:stone_pickaxe":5,"minecraft:iron_ingot":12,"minecraft:oak_planks":73,"minecraft:book":24,"minecraft:sweet_berries":34,"minecraft:poisonous_potato":1,"minecraft:gravel":14,"minecraft:sand":3,"minecraft:spruce_sapling":5,"minecraft:white_bed":1,"minecraft:spruce_log":87,"minecraft:spider_eye":1,"minecraft:diamond":34,"minecraft:spruce_boat":1,"minecraft:stone_axe":4,"minecraft:granite":5,"minecraft:bone_meal":1,"minecraft:warped_roots":4,"minecraft:oak_sapling":2,"minecraft:coal":261},"minecraft:used":{"minecraft:beetroot":1,"minecraft:oak_fence":2,"minecraft:stone_sword":1,"minecraft:flint_and_steel":27,"minecraft:spruce_planks":50,"minecraft:shield":7,"minecraft:cooked_chicken":2,"minecraft:rotten_flesh":1,"minecraft:dirt":27,"minecraft:mutton":9,"minecraft:wheat":3,"minecraft:carrot":14,"minecraft:tuff":3,"minecraft:spruce_boat":2,"minecraft:lava_bucket":14,"minecraft:iron_helmet":1,"minecraft:beef":1,"minecraft:sweet_berries":25,"minecraft:furnace":9,"minecraft:beetroot_seeds":3,"minecraft:egg":3,"minecraft:potato":3,"minecraft:cobbled_deepslate":29,"minecraft:wheat_seeds":8,"minecraft:cooked_mutton":1,"minecraft:water_bucket":31,"minecraft:birch_planks":2,"minecraft:stone_pickaxe":375,"minecraft:oak_planks":4,"minecraft:wooden_pickaxe":40,"minecraft:white_wool":2,"minecraft:crafting_table":25,"minecraft:white_bed":2,"minecraft:spruce_log":2,"minecraft:iron_pickaxe":295,"minecraft:spruce_sapling":1,"minecraft:stone_axe":169,"minecraft:wooden_sword":47,"minecraft:cobblestone":138,"minecraft:porkchop":3,"minecraft:cooked_porkchop":6,"minecraft:andesite":15,"minecraft:bucket":46,"minecraft:oak_boat":5,"minecraft:bone_meal":1},"minecraft:killed":{"minecraft:cave_spider":1,"minecraft:spider":4,"minecraft:chicken":4,"minecraft:pig":7,"minecraft:sheep":4,"minecraft:zombie":14,"minecraft:villager":1,"minecraft:cow":1},"minecraft:mined":{"minecraft:tuff":9,"minecraft:spruce_planks":9,"minecraft:white_bed":1,"minecraft:deepslate_diamond_ore":3,"minecraft:granite":3,"minecraft:grass_block":21,"minecraft:spruce_leaves":12,"minecraft:sandstone":4,"minecraft:large_fern":2,"minecraft:tall_seagrass":1,"minecraft:magma_block":1,"minecraft:furnace":9,"minecraft:carrots":5,"minecraft:iron_ore":44,"minecraft:cobbled_deepslate":4,"minecraft:fire":1,"minecraft:andesite":26,"minecraft:deepslate_lapis_ore":8,"minecraft:bookshelf":4,"minecraft:potatoes":1,"minecraft:deepslate_iron_ore":35,"minecraft:stone":330,"minecraft:oak_fence":2,"minecraft:crafting_table":16,"minecraft:warped_roots":4,"minecraft:lectern":1,"minecraft:tall_grass":1,"minecraft:cobblestone":21,"minecraft:lapis_ore":5,"minecraft:oak_planks":4,"minecraft:diorite":23,"minecraft:wheat":4,"minecraft:sweet_berry_bush":17,"minecraft:spruce_log":80,"minecraft:birch_leaves":6,"minecraft:grass":13,"minecraft:oak_log":20,"minecraft:coal_ore":92,"minecraft:beetroots":1,"minecraft:sand":3,"minecraft:gravel":8,"minecraft:dirt":24,"minecraft:gold_ore":1,"minecraft:oak_leaves":24,"minecraft:deepslate":82,"minecraft:fern":4},"minecraft:custom":{"minecraft:mob_kills":36,"minecraft:interact_with_crafting_table":59,"minecraft:bell_ring":4,"minecraft:leave_game":2,"minecraft:time_since_death":7202,"minecraft:sprint_one_cm":482827,"minecraft:walk_one_cm":330465,"minecraft:damage_blocked_by_shield":705,"minecraft:drop":32,"minecraft:play_time":158493,"minecraft:deaths":16,"minecraft:sneak_time":15990,"minecraft:walk_under_water_one_cm":26466,"minecraft:boat_one_cm":98006,"minecraft:jump":2845,"minecraft:walk_on_water_one_cm":18740,"minecraft:total_world_time":158493,"minecraft:interact_with_furnace":38,"minecraft:sleep_in_bed":2,"minecraft:time_since_rest":7229,"minecraft:damage_taken":5710,"minecraft:damage_dealt":6045,"minecraft:swim_one_cm":80049,"minecraft:fly_one_cm":542983,"minecraft:player_kills":4,"minecraft:open_chest":5,"minecraft:crouch_one_cm":45871,"minecraft:interact_with_smoker":3,"minecraft:fall_one_cm":87047}},"DataVersion":3465}