{"stats":{"minecraft:crafted":{"minecraft:wooden_sword":1,"minecraft:diamond_sword":1,"minecraft:spruce_planks":24,"minecraft:wooden_pickaxe":1,"minecraft:iron_helmet":1,"minecraft:iron_sword":1,"minecraft:furnace":1,"minecraft:bucket":1,"minecraft:iron_boots":1,"minecraft:iron_chestplate":1,"minecraft:diamond_pickaxe":1,"minecraft:shield":1,"minecraft:iron_axe":1,"minecraft:stick":20,"minecraft:iron_ingot":51,"minecraft:iron_pickaxe":2,"minecraft:stone_pickaxe":1,"minecraft:wooden_axe":1,"minecraft:diamond_boots":1,"minecraft:iron_leggings":1,"minecraft:torch":12,"minecraft:diamond_chestplate":1},"minecraft:killed_by":{"minecraft:player":1},"minecraft:dropped":{"minecraft:gravel":2,"minecraft:cobbled_deepslate":9,"minecraft:cobblestone":16,"minecraft:granite":13,"minecraft:rail":2,"minecraft:dirt":3,"minecraft:diorite":37,"minecraft:iron_chestplate":1,"minecraft:andesite":10,"minecraft:wooden_sword":1,"minecraft:wooden_pickaxe":1,"minecraft:stone_pickaxe":1,"minecraft:iron_pickaxe":2,"minecraft:bone":2},"minecraft:picked_up":{"minecraft:crafting_table":7,"minecraft:andesite":10,"minecraft:tuff":2,"minecraft:dirt":6,"minecraft:bone":4,"minecraft:cobbled_deepslate":150,"minecraft:spruce_planks":4,"minecraft:iron_pickaxe":1,"minecraft:oak_planks":5,"minecraft:furnace":1,"minecraft:raw_iron":81,"minecraft:stick":4,"minecraft:sweet_berries":82,"minecraft:porkchop":6,"minecraft:torch":17,"minecraft:gravel":2,"minecraft:diorite":37,"minecraft:spruce_log":6,"minecraft:arrow":6,"minecraft:rotten_flesh":10,"minecraft:diamond":54,"minecraft:granite":19,"minecraft:emerald":2,"minecraft:coal":26,"minecraft:rail":2,"minecraft:cobblestone":329},"minecraft:used":{"minecraft:diamond_boots":1,"minecraft:stone_pickaxe":73,"minecraft:oak_planks":1,"minecraft:shield":4,"minecraft:wooden_pickaxe":33,"minecraft:iron_sword":31,"minecraft:rotten_flesh":3,"minecraft:iron_chestplate":1,"minecraft:torch":23,"minecraft:golden_apple":1,"minecraft:crafting_table":5,"minecraft:wooden_axe":10,"minecraft:diamond_pickaxe":222,"minecraft:iron_axe":9,"minecraft:bread":2,"minecraft:iron_pickaxe":475,"minecraft:iron_helmet":1,"minecraft:iron_boots":1,"minecraft:diamond_chestplate":1,"minecraft:diamond_sword":8,"minecraft:cobblestone":211,"minecraft:sweet_berries":32,"minecraft:furnace":1,"minecraft:bucket":1,"minecraft:iron_leggings":1},"minecraft:killed":{"minecraft:pig":2,"minecraft:spider":1,"minecraft:bat":1,"minecraft:creeper":1,"minecraft:skeleton":4,"minecraft:zombie":6},"minecraft:broken":{"minecraft:iron_pickaxe":1},"minecraft:mined":{"minecraft:tuff":5,"minecraft:spruce_planks":4,"minecraft:deepslate_diamond_ore":54,"minecraft:crafting_table":7,"minecraft:torch":4,"minecraft:granite":19,"minecraft:grass_block":2,"minecraft:cobblestone":2,"minecraft:spruce_leaves":13,"minecraft:oak_planks":4,"minecraft:diorite":37,"minecraft:wall_torch":8,"minecraft:spawner":1,"minecraft:large_fern":2,"minecraft:furnace":1,"minecraft:iron_ore":78,"minecraft:sweet_berry_bush":35,"minecraft:spruce_log":6,"minecraft:andesite":10,"minecraft:coal_ore":26,"minecraft:deepslate_iron_ore":3,"minecraft:rail":1,"minecraft:gravel":19,"minecraft:dirt":4,"minecraft:stone":327,"minecraft:deepslate_emerald_ore":2,"minecraft:deepslate":225},"minecraft:custom":{"minecraft:interact_with_furnace":19,"minecraft:mob_kills":15,"minecraft:interact_with_crafting_table":33,"minecraft:time_since_death":58464,"minecraft:time_since_rest":58494,"minecraft:sprint_one_cm":122613,"minecraft:walk_one_cm":90591,"minecraft:damage_taken":781,"minecraft:damage_absorbed":40,"minecraft:damage_blocked_by_shield":180,"minecraft:drop":16,"minecraft:damage_dealt":2053,"minecraft:swim_one_cm":314,"minecraft:fly_one_cm":66006,"minecraft:open_chest":6,"minecraft:crouch_one_cm":795,"minecraft:play_time":59738,"minecraft:deaths":1,"minecraft:sneak_time":222,"minecraft:walk_under_water_one_cm":86,"minecraft:jump":942,"minecraft:walk_on_water_one_cm":185,"minecraft:total_world_time":59738,"minecraft:fall_one_cm":12124}},"DataVersion":3465}