{"stats":{"minecraft:crafted":{"minecraft:wooden_sword":1,"minecraft:spruce_planks":24,"minecraft:wooden_pickaxe":1,"minecraft:iron_helmet":1,"minecraft:iron_sword":1,"minecraft:furnace":1,"minecraft:bucket":1,"minecraft:iron_boots":1,"minecraft:iron_chestplate":1,"minecraft:shield":1,"minecraft:iron_axe":1,"minecraft:stick":20,"minecraft:iron_ingot":51,"minecraft:iron_pickaxe":2,"minecraft:stone_pickaxe":1,"minecraft:wooden_axe":1,"minecraft:iron_leggings":1,"minecraft:torch":12},"minecraft:killed_by":{"minecraft:player":1},"minecraft:picked_up":{"minecraft:crafting_table":6,"minecraft:andesite":10,"minecraft:dirt":3,"minecraft:bone":2,"minecraft:cobbled_deepslate":44,"minecraft:spruce_planks":4,"minecraft:oak_planks":5,"minecraft:furnace":1,"minecraft:raw_iron":81,"minecraft:stick":1,"minecraft:sweet_berries":82,"minecraft:torch":16,"minecraft:diorite":37,"minecraft:spruce_log":6,"minecraft:arrow":4,"minecraft:rotten_flesh":10,"minecraft:granite":13,"minecraft:coal":26,"minecraft:rail":2,"minecraft:cobblestone":214},"minecraft:used":{"minecraft:stone_pickaxe":73,"minecraft:oak_planks":1,"minecraft:shield":2,"minecraft:wooden_pickaxe":33,"minecraft:iron_sword":29,"minecraft:rotten_flesh":3,"minecraft:iron_chestplate":1,"minecraft:torch":21,"minecraft:golden_apple":1,"minecraft:crafting_table":4,"minecraft:wooden_axe":10,"minecraft:iron_axe":8,"minecraft:bread":2,"minecraft:iron_pickaxe":326,"minecraft:iron_helmet":1,"minecraft:iron_boots":1,"minecraft:cobblestone":59,"minecraft:sweet_berries":11,"minecraft:furnace":1,"minecraft:bucket":1,"minecraft:iron_leggings":1},"minecraft:killed":{"minecraft:skeleton":2,"minecraft:zombie":6},"minecraft:broken":{"minecraft:iron_pickaxe":1},"minecraft:mined":{"minecraft:spruce_planks":4,"minecraft:crafting_table":6,"minecraft:torch":4,"minecraft:granite":13,"minecraft:grass_block":1,"minecraft:cobblestone":2,"minecraft:spruce_leaves":13,"minecraft:oak_planks":4,"minecraft:diorite":37,"minecraft:wall_torch":7,"minecraft:spawner":1,"minecraft:large_fern":2,"minecraft:furnace":1,"minecraft:iron_ore":78,"minecraft:sweet_berry_bush":35,"minecraft:spruce_log":6,"minecraft:andesite":10,"minecraft:coal_ore":26,"minecraft:deepslate_iron_ore":3,"minecraft:rail":1,"minecraft:gravel":9,"minecraft:dirt":2,"minecraft:stone":212,"minecraft:deepslate":44},"minecraft:custom":{"minecraft:interact_with_furnace":19,"minecraft:mob_kills":8,"minecraft:interact_with_crafting_table":27,"minecraft:time_since_death":34464,"minecraft:time_since_rest":34494,"minecraft:sprint_one_cm":79891,"minecraft:walk_one_cm":62182,"minecraft:damage_taken":557,"minecraft:damage_absorbed":40,"minecraft:damage_blocked_by_shield":120,"minecraft:damage_dealt":1544,"minecraft:fly_one_cm":35216,"minecraft:open_chest":6,"minecraft:crouch_one_cm":795,"minecraft:play_time":35738,"minecraft:deaths":1,"minecraft:sneak_time":208,"minecraft:jump":470,"minecraft:total_world_time":35738,"minecraft:fall_one_cm":6472}},"DataVersion":3465}