{"stats":{"minecraft:custom":{"minecraft:time_since_rest":22725,"minecraft:interact_with_furnace":19,"minecraft:sprint_one_cm":46289,"minecraft:damage_taken":386,"minecraft:walk_one_cm":47234,"minecraft:mob_kills":6,"minecraft:damage_dealt":1234,"minecraft:interact_with_crafting_table":21,"minecraft:fly_one_cm":10810,"minecraft:open_chest":6,"minecraft:crouch_one_cm":598,"minecraft:play_time":23969,"minecraft:deaths":1,"minecraft:sneak_time":156,"minecraft:jump":285,"minecraft:time_since_death":22695,"minecraft:total_world_time":23969,"minecraft:fall_one_cm":2762},"minecraft:mined":{"minecraft:spruce_planks":4,"minecraft:furnace":1,"minecraft:iron_ore":55,"minecraft:spruce_log":6,"minecraft:andesite":5,"minecraft:torch":3,"minecraft:crafting_table":4,"minecraft:granite":13,"minecraft:coal_ore":26,"minecraft:rail":1,"minecraft:cobblestone":2,"minecraft:spruce_leaves":1,"minecraft:stone":126,"minecraft:oak_planks":4,"minecraft:diorite":24,"minecraft:wall_torch":6,"minecraft:spawner":1},"minecraft:picked_up":{"minecraft:crafting_table":4,"minecraft:raw_iron":55,"minecraft:andesite":5,"minecraft:torch":14,"minecraft:diorite":24,"minecraft:spruce_log":6,"minecraft:rotten_flesh":10,"minecraft:spruce_planks":4,"minecraft:granite":13,"minecraft:furnace":1,"minecraft:oak_planks":5,"minecraft:coal":26,"minecraft:rail":2,"minecraft:cobblestone":128},"minecraft:killed_by":{"minecraft:player":1},"minecraft:used":{"minecraft:wooden_axe":10,"minecraft:iron_axe":6,"minecraft:bread":2,"minecraft:stone_pickaxe":73,"minecraft:oak_planks":1,"minecraft:iron_pickaxe":150,"minecraft:iron_helmet":1,"minecraft:iron_sword":22,"minecraft:wooden_pickaxe":33,"minecraft:iron_boots":1,"minecraft:iron_chestplate":1,"minecraft:torch":19,"minecraft:cobblestone":48,"minecraft:crafting_table":2,"minecraft:furnace":1,"minecraft:iron_leggings":1},"minecraft:killed":{"minecraft:zombie":6},"minecraft:crafted":{"minecraft:wooden_sword":1,"minecraft:iron_boots":1,"minecraft:iron_chestplate":1,"minecraft:iron_axe":1,"minecraft:spruce_planks":24,"minecraft:stick":20,"minecraft:iron_helmet":1,"minecraft:wooden_pickaxe":1,"minecraft:iron_ingot":51,"minecraft:iron_pickaxe":2,"minecraft:stone_pickaxe":1,"minecraft:wooden_axe":1,"minecraft:iron_sword":1,"minecraft:iron_leggings":1,"minecraft:furnace":1,"minecraft:torch":12}},"DataVersion":3465}