{"stats":{"minecraft:custom":{"minecraft:time_since_rest":10725,"minecraft:interact_with_furnace":9,"minecraft:sprint_one_cm":15265,"minecraft:damage_taken":245,"minecraft:walk_one_cm":23049,"minecraft:damage_dealt":255,"minecraft:interact_with_crafting_table":13,"minecraft:fly_one_cm":6861,"minecraft:play_time":11969,"minecraft:deaths":1,"minecraft:sneak_time":8,"minecraft:jump":104,"minecraft:time_since_death":10695,"minecraft:total_world_time":11969,"minecraft:fall_one_cm":1320},"minecraft:mined":{"minecraft:spruce_planks":2,"minecraft:iron_ore":13,"minecraft:spruce_log":6,"minecraft:torch":2,"minecraft:crafting_table":2,"minecraft:granite":10,"minecraft:coal_ore":26,"minecraft:spruce_leaves":1,"minecraft:stone":65,"minecraft:oak_planks":2},"minecraft:picked_up":{"minecraft:crafting_table":2,"minecraft:raw_iron":13,"minecraft:torch":2,"minecraft:spruce_log":6,"minecraft:spruce_planks":2,"minecraft:granite":10,"minecraft:oak_planks":2,"minecraft:coal":26,"minecraft:cobblestone":65},"minecraft:killed_by":{"minecraft:player":1},"minecraft:used":{"minecraft:wooden_axe":6,"minecraft:stone_pickaxe":73,"minecraft:oak_planks":1,"minecraft:iron_pickaxe":9,"minecraft:wooden_pickaxe":33,"minecraft:torch":2,"minecraft:cobblestone":1,"minecraft:crafting_table":2,"minecraft:furnace":1,"minecraft:iron_leggings":1},"minecraft:crafted":{"minecraft:wooden_sword":1,"minecraft:spruce_planks":24,"minecraft:stick":12,"minecraft:wooden_pickaxe":1,"minecraft:iron_ingot":12,"minecraft:iron_pickaxe":1,"minecraft:stone_pickaxe":1,"minecraft:wooden_axe":1,"minecraft:iron_sword":1,"minecraft:iron_leggings":1,"minecraft:furnace":1,"minecraft:torch":4}},"DataVersion":3465}