{"stats":{"minecraft:crafted":{"minecraft:cooked_beef":5,"minecraft:oak_planks":148,"minecraft:cooked_porkchop":8,"minecraft:crafting_table":3,"minecraft:spruce_planks":76,"minecraft:iron_helmet":1,"minecraft:wooden_pickaxe":2,"minecraft:furnace":1,"minecraft:cooked_salmon":11,"minecraft:bone_meal":3,"minecraft:stone_axe":1,"minecraft:cooked_mutton":4,"minecraft:air":0,"minecraft:oak_boat":3,"minecraft:iron_boots":1,"minecraft:iron_chestplate":1,"minecraft:wooden_hoe":1,"minecraft:shield":1,"minecraft:iron_shovel":1,"minecraft:iron_axe":1,"minecraft:white_bed":1,"minecraft:chest":1,"minecraft:stick":28,"minecraft:iron_ingot":5,"minecraft:iron_pickaxe":1,"minecraft:stone_pickaxe":2,"minecraft:wooden_axe":2,"minecraft:iron_leggings":1,"minecraft:spruce_boat":3,"minecraft:dark_oak_planks":32},"minecraft:killed_by":{"minecraft:skeleton":1,"minecraft:spider":2,"minecraft:iron_golem":2},"minecraft:dropped":{"minecraft:stone_axe":1,"minecraft:stone_sword":1,"minecraft:cobblestone":15,"minecraft:salmon":3,"minecraft:tipped_arrow":1,"minecraft:spruce_planks":9,"minecraft:wooden_axe":1,"minecraft:oak_boat":1,"minecraft:cooked_salmon":1,"minecraft:wooden_pickaxe":2,"minecraft:arrow":1,"minecraft:spruce_log":4,"minecraft:stone_pickaxe":1},"minecraft:used":{"minecraft:iron_shovel":66,"minecraft:stone_pickaxe":111,"minecraft:oak_planks":12,"minecraft:chest":1,"minecraft:shield":11,"minecraft:spruce_planks":1,"minecraft:wooden_pickaxe":25,"minecraft:iron_sword":25,"minecraft:sugar_cane":12,"minecraft:cooked_salmon":7,"minecraft:rotten_flesh":1,"minecraft:salmon":10,"minecraft:dirt":21,"minecraft:crafting_table":8,"minecraft:crossbow":1,"minecraft:white_bed":1,"minecraft:snowball":16,"minecraft:spruce_log":1,"minecraft:spruce_boat":16,"minecraft:dark_oak_planks":18,"minecraft:wooden_axe":3,"minecraft:lava_bucket":1,"minecraft:iron_axe":114,"minecraft:oak_sapling":1,"minecraft:stone_axe":34,"minecraft:cobblestone":4,"minecraft:beef":10,"minecraft:white_banner":1,"minecraft:goat_horn":1,"minecraft:furnace":2,"minecraft:porkchop":3,"minecraft:bucket":2,"minecraft:oak_boat":4,"minecraft:cooked_beef":1,"minecraft:bone_meal":4},"minecraft:picked_up":{"minecraft:wooden_axe":1,"minecraft:crafting_table":9,"minecraft:wheat":8,"minecraft:salmon":33,"minecraft:leather":11,"minecraft:wooden_pickaxe":2,"minecraft:potato":8,"minecraft:oak_log":37,"minecraft:shield":1,"minecraft:dirt":150,"minecraft:string":2,"minecraft:white_banner":2,"minecraft:iron_axe":1,"minecraft:cooked_salmon":4,"minecraft:experience_bottle":4,"minecraft:bone":1,"minecraft:spruce_planks":76,"minecraft:beef":23,"minecraft:iron_ingot":1,"minecraft:stone_pickaxe":3,"minecraft:oak_boat":4,"minecraft:sugar_cane":26,"minecraft:oak_planks":6,"minecraft:iron_sword":2,"minecraft:furnace":3,"minecraft:tipped_arrow":1,"minecraft:stick":18,"minecraft:raw_iron":5,"minecraft:pumpkin":9,"minecraft:porkchop":5,"minecraft:spruce_sapling":28,"minecraft:spruce_log":47,"minecraft:carrot":8,"minecraft:dark_oak_log":6,"minecraft:goat_horn":1,"minecraft:dark_oak_planks":14,"minecraft:stone_sword":1,"minecraft:arrow":1,"minecraft:rotten_flesh":7,"minecraft:spruce_boat":18,"minecraft:stone_axe":3,"minecraft:crossbow":2,"minecraft:bone_meal":1,"minecraft:mutton":4,"minecraft:oak_sapling":1,"minecraft:dark_oak_fence":16,"minecraft:coal":48,"minecraft:snowball":16,"minecraft:white_wool":3,"minecraft:cobblestone":109},"minecraft:killed":{"minecraft:pig":2,"minecraft:salmon":34,"minecraft:spider":1,"minecraft:sheep":3,"minecraft:skeleton":2,"minecraft:pillager":5,"minecraft:zombie":6,"minecraft:stray":1,"minecraft:cow":9},"minecraft:mined":{"minecraft:dark_oak_log":3,"minecraft:crafting_table":7,"minecraft:dark_oak_fence":6,"minecraft:grass_block":83,"minecraft:cobblestone":1,"minecraft:spruce_leaves":22,"minecraft:sugar_cane":1,"minecraft:spruce_sapling":1,"minecraft:furnace":2,"minecraft:iron_ore":5,"minecraft:ice":32,"minecraft:spruce_log":30,"minecraft:pumpkin":4,"minecraft:grass":4,"minecraft:coal_ore":26,"minecraft:oak_log":37,"minecraft:dirt":4,"minecraft:packed_ice":11,"minecraft:stone":55,"minecraft:white_wool":4,"minecraft:oak_leaves":2},"minecraft:custom":{"minecraft:interact_with_smithing_table":1,"minecraft:interact_with_furnace":19,"minecraft:mob_kills":65,"minecraft:interact_with_crafting_table":27,"minecraft:time_since_death":18583,"minecraft:sleep_in_bed":1,"minecraft:time_since_rest":5594,"minecraft:sprint_one_cm":186064,"minecraft:damage_taken":2396,"minecraft:walk_one_cm":167853,"minecraft:damage_blocked_by_shield":675,"minecraft:drop":16,"minecraft:damage_dealt":5663,"minecraft:swim_one_cm":63068,"minecraft:fly_one_cm":529561,"minecraft:open_chest":29,"minecraft:crouch_one_cm":4516,"minecraft:play_time":71828,"minecraft:deaths":6,"minecraft:sneak_time":1441,"minecraft:walk_under_water_one_cm":42238,"minecraft:boat_one_cm":238452,"minecraft:jump":1641,"minecraft:walk_on_water_one_cm":10585,"minecraft:enchant_item":3,"minecraft:total_world_time":71828,"minecraft:fall_one_cm":31802}},"DataVersion":3465}