{"stats":{"minecraft:crafted":{"minecraft:crafting_table":2,"minecraft:spruce_planks":68,"minecraft:stick":12,"minecraft:wooden_pickaxe":2,"minecraft:stone_pickaxe":2,"minecraft:spruce_boat":3,"minecraft:dark_oak_planks":32,"minecraft:stone_axe":1},"minecraft:dropped":{"minecraft:wooden_pickaxe":2},"minecraft:killed_by":{"minecraft:iron_golem":1,"minecraft:spider":2},"minecraft:used":{"minecraft:spruce_boat":5,"minecraft:dark_oak_planks":18,"minecraft:stone_pickaxe":25,"minecraft:wooden_pickaxe":25,"minecraft:stone_axe":33,"minecraft:dirt":2,"minecraft:beef":7,"minecraft:crafting_table":5,"minecraft:goat_horn":1,"minecraft:porkchop":3,"minecraft:crossbow":1,"minecraft:spruce_log":1},"minecraft:picked_up":{"minecraft:crafting_table":4,"minecraft:pumpkin":1,"minecraft:leather":1,"minecraft:porkchop":3,"minecraft:spruce_sapling":2,"minecraft:spruce_log":23,"minecraft:dirt":2,"minecraft:spruce_boat":4,"minecraft:crossbow":1,"minecraft:beef":7,"minecraft:dark_oak_fence":4,"minecraft:coal":7,"minecraft:cobblestone":37},"minecraft:killed":{"minecraft:pig":1,"minecraft:spider":1,"minecraft:cow":4},"minecraft:mined":{"minecraft:spruce_log":23,"minecraft:pumpkin":1,"minecraft:crafting_table":4,"minecraft:dark_oak_fence":4,"minecraft:grass":1,"minecraft:grass_block":1,"minecraft:coal_ore":7,"minecraft:dirt":1,"minecraft:packed_ice":5,"minecraft:spruce_leaves":6,"minecraft:stone":37,"minecraft:white_wool":1},"minecraft:custom":{"minecraft:time_since_rest":3715,"minecraft:sprint_one_cm":43106,"minecraft:damage_taken":1108,"minecraft:walk_one_cm":39690,"minecraft:mob_kills":7,"minecraft:drop":2,"minecraft:damage_dealt":903,"minecraft:swim_one_cm":431,"minecraft:interact_with_crafting_table":8,"minecraft:fly_one_cm":119869,"minecraft:open_chest":2,"minecraft:crouch_one_cm":1529,"minecraft:play_time":17993,"minecraft:deaths":3,"minecraft:sneak_time":317,"minecraft:walk_under_water_one_cm":369,"minecraft:boat_one_cm":78840,"minecraft:jump":374,"minecraft:time_since_death":3695,"minecraft:walk_on_water_one_cm":1065,"minecraft:total_world_time":17993,"minecraft:fall_one_cm":5970}},"DataVersion":3465}