{"stats":{"minecraft:crafted":{"minecraft:oak_planks":32,"minecraft:crafting_table":3,"minecraft:spruce_planks":76,"minecraft:wooden_pickaxe":2,"minecraft:furnace":1,"minecraft:cooked_salmon":11,"minecraft:bone_meal":3,"minecraft:stone_axe":1,"minecraft:air":0,"minecraft:oak_boat":2,"minecraft:shield":1,"minecraft:iron_axe":1,"minecraft:stick":20,"minecraft:iron_ingot":5,"minecraft:stone_pickaxe":2,"minecraft:wooden_axe":1,"minecraft:spruce_boat":3,"minecraft:dark_oak_planks":32},"minecraft:killed_by":{"minecraft:skeleton":1,"minecraft:spider":2,"minecraft:iron_golem":2},"minecraft:dropped":{"minecraft:stone_axe":1,"minecraft:stone_sword":1,"minecraft:cobblestone":15,"minecraft:salmon":3,"minecraft:tipped_arrow":1,"minecraft:spruce_planks":9,"minecraft:cooked_salmon":1,"minecraft:arrow":1,"minecraft:spruce_log":4,"minecraft:wooden_pickaxe":2,"minecraft:stone_pickaxe":1},"minecraft:used":{"minecraft:stone_pickaxe":111,"minecraft:spruce_planks":1,"minecraft:wooden_pickaxe":25,"minecraft:shield":11,"minecraft:iron_sword":17,"minecraft:cooked_salmon":6,"minecraft:salmon":10,"minecraft:dirt":3,"minecraft:crafting_table":8,"minecraft:crossbow":1,"minecraft:snowball":16,"minecraft:spruce_log":1,"minecraft:spruce_boat":13,"minecraft:wooden_axe":1,"minecraft:dark_oak_planks":18,"minecraft:iron_axe":86,"minecraft:stone_axe":33,"minecraft:cobblestone":4,"minecraft:beef":7,"minecraft:goat_horn":1,"minecraft:furnace":2,"minecraft:porkchop":3,"minecraft:oak_boat":2,"minecraft:bone_meal":4},"minecraft:picked_up":{"minecraft:crafting_table":9,"minecraft:wheat":4,"minecraft:salmon":33,"minecraft:leather":6,"minecraft:wooden_pickaxe":1,"minecraft:potato":4,"minecraft:oak_log":8,"minecraft:string":1,"minecraft:dirt":41,"minecraft:white_banner":1,"minecraft:experience_bottle":2,"minecraft:bone":1,"minecraft:spruce_planks":40,"minecraft:beef":15,"minecraft:stone_pickaxe":2,"minecraft:oak_boat":2,"minecraft:sugar_cane":14,"minecraft:iron_sword":1,"minecraft:furnace":2,"minecraft:tipped_arrow":1,"minecraft:stick":7,"minecraft:raw_iron":5,"minecraft:pumpkin":5,"minecraft:porkchop":4,"minecraft:spruce_sapling":14,"minecraft:carrot":4,"minecraft:spruce_log":38,"minecraft:dark_oak_log":3,"minecraft:goat_horn":1,"minecraft:dark_oak_planks":14,"minecraft:stone_sword":1,"minecraft:arrow":1,"minecraft:rotten_flesh":3,"minecraft:stone_axe":2,"minecraft:spruce_boat":13,"minecraft:crossbow":2,"minecraft:bone_meal":1,"minecraft:dark_oak_fence":10,"minecraft:coal":26,"minecraft:snowball":16,"minecraft:cobblestone":80},"minecraft:killed":{"minecraft:pig":2,"minecraft:salmon":34,"minecraft:spider":1,"minecraft:skeleton":2,"minecraft:pillager":5,"minecraft:zombie":5,"minecraft:stray":1,"minecraft:cow":9},"minecraft:mined":{"minecraft:dark_oak_log":3,"minecraft:crafting_table":7,"minecraft:dark_oak_fence":6,"minecraft:grass_block":13,"minecraft:cobblestone":1,"minecraft:spruce_leaves":22,"minecraft:sugar_cane":1,"minecraft:spruce_sapling":1,"minecraft:furnace":2,"minecraft:iron_ore":5,"minecraft:ice":32,"minecraft:spruce_log":30,"minecraft:pumpkin":4,"minecraft:grass":4,"minecraft:oak_log":8,"minecraft:coal_ore":26,"minecraft:dirt":3,"minecraft:packed_ice":11,"minecraft:stone":55,"minecraft:white_wool":4},"minecraft:custom":{"minecraft:interact_with_furnace":8,"minecraft:mob_kills":61,"minecraft:interact_with_crafting_table":14,"minecraft:time_since_death":583,"minecraft:time_since_rest":603,"minecraft:sprint_one_cm":136147,"minecraft:damage_taken":2236,"minecraft:walk_one_cm":121748,"minecraft:damage_blocked_by_shield":675,"minecraft:drop":14,"minecraft:damage_dealt":5124,"minecraft:swim_one_cm":61759,"minecraft:fly_one_cm":367618,"minecraft:open_chest":2,"minecraft:crouch_one_cm":3917,"minecraft:play_time":53828,"minecraft:deaths":6,"minecraft:sneak_time":1257,"minecraft:walk_under_water_one_cm":41914,"minecraft:boat_one_cm":150522,"minecraft:jump":1179,"minecraft:walk_on_water_one_cm":9085,"minecraft:total_world_time":53828,"minecraft:fall_one_cm":22550}},"DataVersion":3465}