{"stats":{"minecraft:mined":{"minecraft:tuff":5,"minecraft:white_bed":1,"minecraft:dark_oak_log":3,"minecraft:granite":10,"minecraft:dark_oak_fence":6,"minecraft:grass_block":100,"minecraft:spruce_leaves":22,"minecraft:spruce_sapling":1,"minecraft:furnace":2,"minecraft:carrots":2,"minecraft:iron_ore":75,"minecraft:andesite":38,"minecraft:pumpkin":4,"minecraft:deepslate_lapis_ore":3,"minecraft:pointed_dripstone":2,"minecraft:potatoes":5,"minecraft:deepslate_iron_ore":37,"minecraft:packed_ice":11,"minecraft:stone":202,"minecraft:white_wool":4,"minecraft:crafting_table":7,"minecraft:cobblestone":6,"minecraft:lapis_ore":2,"minecraft:oak_planks":14,"minecraft:sugar_cane":32,"minecraft:ice":32,"minecraft:spruce_log":30,"minecraft:grass":4,"minecraft:oak_log":60,"minecraft:coal_ore":84,"minecraft:dripstone_block":25,"minecraft:dirt":28,"minecraft:oak_leaves":2,"minecraft:deepslate":3},"minecraft:killed":{"minecraft:spider":3,"minecraft:skeleton":11,"minecraft:wolf":1,"minecraft:pig":2,"minecraft:salmon":34,"minecraft:sheep":3,"minecraft:pillager":5,"minecraft:zombie":11,"minecraft:stray":1,"minecraft:cow":9},"minecraft:used":{"minecraft:oak_fence":6,"minecraft:iron_shovel":103,"minecraft:oak_sign":2,"minecraft:spruce_planks":1,"minecraft:chest":1,"minecraft:shield":26,"minecraft:iron_sword":77,"minecraft:cooked_salmon":7,"minecraft:rotten_flesh":1,"minecraft:torch":89,"minecraft:dirt":29,"minecraft:carrot":12,"minecraft:granite":4,"minecraft:snowball":16,"minecraft:spruce_boat":16,"minecraft:wooden_axe":3,"minecraft:dark_oak_planks":18,"minecraft:lava_bucket":1,"minecraft:iron_axe":151,"minecraft:beef":10,"minecraft:oak_sapling":1,"minecraft:furnace":2,"minecraft:goat_horn":1,"minecraft:cooked_beef":4,"minecraft:potato":21,"minecraft:cooked_mutton":1,"minecraft:water_bucket":4,"minecraft:stone_pickaxe":111,"minecraft:oak_planks":54,"minecraft:wooden_pickaxe":25,"minecraft:sugar_cane":12,"minecraft:glow_ink_sac":1,"minecraft:salmon":10,"minecraft:crafting_table":8,"minecraft:crossbow":1,"minecraft:white_bed":2,"minecraft:spruce_log":1,"minecraft:wooden_hoe":50,"minecraft:iron_pickaxe":405,"minecraft:stone_axe":34,"minecraft:cobblestone":78,"minecraft:cooked_porkchop":8,"minecraft:white_banner":1,"minecraft:porkchop":3,"minecraft:andesite":2,"minecraft:bucket":6,"minecraft:oak_boat":4,"minecraft:bone_meal":17},"minecraft:picked_up":{"minecraft:wooden_axe":1,"minecraft:crafting_table":9,"minecraft:wheat":8,"minecraft:wooden_pickaxe":2,"minecraft:shield":1,"minecraft:string":2,"minecraft:iron_axe":1,"minecraft:cooked_salmon":4,"minecraft:experience_bottle":4,"minecraft:cobbled_deepslate":3,"minecraft:spruce_planks":76,"minecraft:beef":23,"minecraft:oak_boat":4,"minecraft:sugar_cane":74,"minecraft:furnace":3,"minecraft:tipped_arrow":1,"minecraft:stick":18,"minecraft:raw_iron":111,"minecraft:porkchop":5,"minecraft:pointed_dripstone":3,"minecraft:carrot":16,"minecraft:goat_horn":1,"minecraft:dark_oak_planks":14,"minecraft:stone_sword":1,"minecraft:arrow":8,"minecraft:rotten_flesh":13,"minecraft:mutton":4,"minecraft:snowball":16,"minecraft:white_wool":3,"minecraft:cobblestone":249,"minecraft:glow_ink_sac":1,"minecraft:salmon":33,"minecraft:andesite":41,"minecraft:leather":11,"minecraft:potato":25,"minecraft:tuff":5,"minecraft:oak_log":60,"minecraft:lapis_lazuli":25,"minecraft:dirt":191,"minecraft:white_banner":2,"minecraft:bone":8,"minecraft:iron_ingot":1,"minecraft:stone_pickaxe":3,"minecraft:oak_planks":20,"minecraft:iron_sword":2,"minecraft:pumpkin":9,"minecraft:poisonous_potato":2,"minecraft:dripstone_block":26,"minecraft:spruce_sapling":28,"minecraft:white_bed":1,"minecraft:spruce_log":47,"minecraft:dark_oak_log":6,"minecraft:stone_axe":3,"minecraft:spruce_boat":18,"minecraft:granite":10,"minecraft:crossbow":2,"minecraft:bone_meal":1,"minecraft:oak_sapling":1,"minecraft:dark_oak_fence":16,"minecraft:coal":105},"minecraft:crafted":{"minecraft:oak_planks":240,"minecraft:oak_sign":3,"minecraft:furnace":1,"minecraft:bone_meal":12,"minecraft:cooked_mutton":4,"minecraft:iron_boots":1,"minecraft:iron_axe":1,"minecraft:stone_pickaxe":2,"minecraft:chest":1,"minecraft:spruce_boat":3,"minecraft:dark_oak_planks":32,"minecraft:oak_fence":6,"minecraft:cooked_beef":5,"minecraft:cooked_porkchop":8,"minecraft:crafting_table":3,"minecraft:spruce_planks":76,"minecraft:wooden_pickaxe":2,"minecraft:iron_helmet":1,"minecraft:cooked_salmon":11,"minecraft:stone_axe":1,"minecraft:air":0,"minecraft:oak_boat":3,"minecraft:iron_chestplate":1,"minecraft:wooden_hoe":1,"minecraft:shield":1,"minecraft:stick":96,"minecraft:iron_ingot":13,"minecraft:iron_pickaxe":3,"minecraft:wooden_axe":2,"minecraft:iron_shovel":1,"minecraft:iron_leggings":1,"minecraft:white_bed":1,"minecraft:torch":128},"minecraft:broken":{"minecraft:iron_pickaxe":1},"minecraft:dropped":{"minecraft:cobblestone":15,"minecraft:dirt":14,"minecraft:wooden_axe":1,"minecraft:cooked_salmon":1,"minecraft:stone_axe":1,"minecraft:stone_sword":1,"minecraft:oak_sign":1,"minecraft:salmon":3,"minecraft:tipped_arrow":1,"minecraft:spruce_planks":9,"minecraft:oak_boat":1,"minecraft:spruce_log":4,"minecraft:arrow":1,"minecraft:wooden_pickaxe":2,"minecraft:stone_pickaxe":1},"minecraft:custom":{"minecraft:interact_with_smithing_table":2,"minecraft:mob_kills":82,"minecraft:interact_with_crafting_table":32,"minecraft:time_since_death":54583,"minecraft:sprint_one_cm":258871,"minecraft:walk_one_cm":281036,"minecraft:damage_blocked_by_shield":2145,"minecraft:drop":18,"minecraft:play_time":107828,"minecraft:deaths":6,"minecraft:sneak_time":9159,"minecraft:walk_under_water_one_cm":48195,"minecraft:boat_one_cm":238452,"minecraft:jump":2300,"minecraft:walk_on_water_one_cm":13641,"minecraft:enchant_item":5,"minecraft:total_world_time":107828,"minecraft:interact_with_furnace":28,"minecraft:sleep_in_bed":2,"minecraft:time_since_rest":20779,"minecraft:damage_taken":3437,"minecraft:damage_dealt":8783,"minecraft:swim_one_cm":65467,"minecraft:fly_one_cm":609185,"minecraft:open_chest":53,"minecraft:crouch_one_cm":37630,"minecraft:fall_one_cm":57504},"minecraft:killed_by":{"minecraft:spider":2,"minecraft:iron_golem":2,"minecraft:skeleton":1}},"DataVersion":3465}