{"stats":{"minecraft:crafted":{"minecraft:crafting_table":2,"minecraft:spruce_planks":76,"minecraft:wooden_pickaxe":2,"minecraft:furnace":1,"minecraft:cooked_salmon":3,"minecraft:bone_meal":3,"minecraft:stone_axe":1,"minecraft:air":0,"minecraft:shield":1,"minecraft:iron_axe":1,"minecraft:stick":16,"minecraft:iron_ingot":5,"minecraft:stone_pickaxe":2,"minecraft:spruce_boat":3,"minecraft:dark_oak_planks":32},"minecraft:dropped":{"minecraft:tipped_arrow":1,"minecraft:arrow":1,"minecraft:wooden_pickaxe":2},"minecraft:killed_by":{"minecraft:spider":2,"minecraft:iron_golem":1},"minecraft:used":{"minecraft:stone_pickaxe":86,"minecraft:wooden_pickaxe":25,"minecraft:shield":2,"minecraft:cooked_salmon":2,"minecraft:dirt":3,"minecraft:crafting_table":6,"minecraft:crossbow":1,"minecraft:spruce_log":1,"minecraft:spruce_boat":7,"minecraft:dark_oak_planks":18,"minecraft:iron_axe":40,"minecraft:stone_axe":33,"minecraft:cobblestone":4,"minecraft:beef":7,"minecraft:goat_horn":1,"minecraft:furnace":2,"minecraft:porkchop":3,"minecraft:bone_meal":4},"minecraft:picked_up":{"minecraft:crafting_table":6,"minecraft:salmon":20,"minecraft:leather":1,"minecraft:dirt":3,"minecraft:bone":1,"minecraft:beef":7,"minecraft:furnace":1,"minecraft:tipped_arrow":1,"minecraft:raw_iron":5,"minecraft:pumpkin":1,"minecraft:porkchop":3,"minecraft:spruce_sapling":2,"minecraft:spruce_log":32,"minecraft:arrow":1,"minecraft:spruce_boat":6,"minecraft:crossbow":1,"minecraft:bone_meal":1,"minecraft:dark_oak_fence":4,"minecraft:coal":26,"minecraft:cobblestone":56},"minecraft:killed":{"minecraft:pig":1,"minecraft:salmon":21,"minecraft:spider":1,"minecraft:zombie":1,"minecraft:stray":1,"minecraft:cow":4},"minecraft:mined":{"minecraft:crafting_table":6,"minecraft:dark_oak_fence":4,"minecraft:grass_block":1,"minecraft:cobblestone":1,"minecraft:spruce_leaves":6,"minecraft:furnace":1,"minecraft:iron_ore":5,"minecraft:ice":9,"minecraft:spruce_log":30,"minecraft:pumpkin":1,"minecraft:grass":1,"minecraft:coal_ore":26,"minecraft:dirt":2,"minecraft:packed_ice":10,"minecraft:stone":55,"minecraft:white_wool":1},"minecraft:custom":{"minecraft:interact_with_furnace":6,"minecraft:mob_kills":30,"minecraft:interact_with_crafting_table":12,"minecraft:time_since_death":15695,"minecraft:time_since_rest":15715,"minecraft:sprint_one_cm":51525,"minecraft:damage_taken":1218,"minecraft:walk_one_cm":64606,"minecraft:damage_blocked_by_shield":120,"minecraft:drop":4,"minecraft:damage_dealt":1933,"minecraft:swim_one_cm":41909,"minecraft:fly_one_cm":142705,"minecraft:open_chest":2,"minecraft:crouch_one_cm":2726,"minecraft:play_time":29993,"minecraft:deaths":3,"minecraft:sneak_time":905,"minecraft:walk_under_water_one_cm":22404,"minecraft:boat_one_cm":84147,"minecraft:jump":493,"minecraft:walk_on_water_one_cm":5153,"minecraft:total_world_time":29993,"minecraft:fall_one_cm":9090}},"DataVersion":3465}