{"stats":{"minecraft:crafted":{"minecraft:oak_planks":148,"minecraft:oak_sign":3,"minecraft:furnace":1,"minecraft:bone_meal":3,"minecraft:cooked_mutton":4,"minecraft:iron_boots":1,"minecraft:iron_axe":1,"minecraft:stone_pickaxe":2,"minecraft:chest":1,"minecraft:spruce_boat":3,"minecraft:dark_oak_planks":32,"minecraft:oak_fence":6,"minecraft:cooked_beef":5,"minecraft:cooked_porkchop":8,"minecraft:crafting_table":3,"minecraft:spruce_planks":76,"minecraft:wooden_pickaxe":2,"minecraft:iron_helmet":1,"minecraft:cooked_salmon":11,"minecraft:stone_axe":1,"minecraft:air":0,"minecraft:oak_boat":3,"minecraft:iron_chestplate":1,"minecraft:wooden_hoe":1,"minecraft:shield":1,"minecraft:stick":36,"minecraft:iron_ingot":5,"minecraft:iron_pickaxe":1,"minecraft:wooden_axe":2,"minecraft:iron_shovel":1,"minecraft:iron_leggings":1,"minecraft:white_bed":1,"minecraft:torch":48},"minecraft:killed_by":{"minecraft:spider":2,"minecraft:iron_golem":2,"minecraft:skeleton":1},"minecraft:dropped":{"minecraft:cobblestone":15,"minecraft:dirt":14,"minecraft:wooden_axe":1,"minecraft:cooked_salmon":1,"minecraft:stone_axe":1,"minecraft:stone_sword":1,"minecraft:oak_sign":1,"minecraft:salmon":3,"minecraft:tipped_arrow":1,"minecraft:spruce_planks":9,"minecraft:oak_boat":1,"minecraft:spruce_log":4,"minecraft:arrow":1,"minecraft:stone_pickaxe":1,"minecraft:wooden_pickaxe":2},"minecraft:used":{"minecraft:oak_fence":6,"minecraft:iron_shovel":100,"minecraft:oak_sign":2,"minecraft:spruce_planks":1,"minecraft:chest":1,"minecraft:shield":11,"minecraft:iron_sword":26,"minecraft:cooked_salmon":7,"minecraft:rotten_flesh":1,"minecraft:torch":14,"minecraft:dirt":29,"minecraft:carrot":4,"minecraft:snowball":16,"minecraft:spruce_boat":16,"minecraft:wooden_axe":3,"minecraft:dark_oak_planks":18,"minecraft:lava_bucket":1,"minecraft:iron_axe":128,"minecraft:beef":10,"minecraft:furnace":2,"minecraft:goat_horn":1,"minecraft:oak_sapling":1,"minecraft:potato":4,"minecraft:cooked_beef":1,"minecraft:water_bucket":4,"minecraft:stone_pickaxe":111,"minecraft:oak_planks":54,"minecraft:wooden_pickaxe":25,"minecraft:sugar_cane":12,"minecraft:salmon":10,"minecraft:crafting_table":8,"minecraft:crossbow":1,"minecraft:white_bed":2,"minecraft:spruce_log":1,"minecraft:wooden_hoe":50,"minecraft:iron_pickaxe":215,"minecraft:stone_axe":34,"minecraft:cobblestone":52,"minecraft:porkchop":3,"minecraft:white_banner":1,"minecraft:cooked_porkchop":1,"minecraft:andesite":2,"minecraft:bucket":6,"minecraft:oak_boat":4,"minecraft:bone_meal":4},"minecraft:picked_up":{"minecraft:wooden_axe":1,"minecraft:crafting_table":9,"minecraft:wheat":8,"minecraft:wooden_pickaxe":2,"minecraft:shield":1,"minecraft:string":2,"minecraft:cooked_salmon":4,"minecraft:iron_axe":1,"minecraft:experience_bottle":4,"minecraft:spruce_planks":76,"minecraft:beef":23,"minecraft:oak_boat":4,"minecraft:sugar_cane":26,"minecraft:furnace":3,"minecraft:tipped_arrow":1,"minecraft:raw_iron":13,"minecraft:stick":18,"minecraft:porkchop":5,"minecraft:pointed_dripstone":1,"minecraft:carrot":8,"minecraft:goat_horn":1,"minecraft:dark_oak_planks":14,"minecraft:stone_sword":1,"minecraft:arrow":1,"minecraft:rotten_flesh":7,"minecraft:mutton":4,"minecraft:snowball":16,"minecraft:white_wool":3,"minecraft:cobblestone":210,"minecraft:andesite":38,"minecraft:salmon":33,"minecraft:leather":11,"minecraft:potato":8,"minecraft:oak_log":37,"minecraft:dirt":188,"minecraft:white_banner":2,"minecraft:bone":1,"minecraft:iron_ingot":1,"minecraft:stone_pickaxe":3,"minecraft:iron_sword":2,"minecraft:oak_planks":20,"minecraft:pumpkin":9,"minecraft:dripstone_block":19,"minecraft:spruce_sapling":28,"minecraft:white_bed":1,"minecraft:spruce_log":47,"minecraft:dark_oak_log":6,"minecraft:stone_axe":3,"minecraft:spruce_boat":18,"minecraft:granite":6,"minecraft:crossbow":2,"minecraft:bone_meal":1,"minecraft:oak_sapling":1,"minecraft:dark_oak_fence":16,"minecraft:coal":74},"minecraft:killed":{"minecraft:spider":1,"minecraft:skeleton":2,"minecraft:pig":2,"minecraft:salmon":34,"minecraft:sheep":3,"minecraft:pillager":5,"minecraft:zombie":6,"minecraft:stray":1,"minecraft:cow":9},"minecraft:mined":{"minecraft:white_bed":1,"minecraft:dark_oak_log":3,"minecraft:granite":6,"minecraft:dark_oak_fence":6,"minecraft:grass_block":100,"minecraft:spruce_leaves":22,"minecraft:spruce_sapling":1,"minecraft:furnace":2,"minecraft:iron_ore":13,"minecraft:andesite":38,"minecraft:pumpkin":4,"minecraft:pointed_dripstone":1,"minecraft:packed_ice":11,"minecraft:stone":163,"minecraft:white_wool":4,"minecraft:crafting_table":7,"minecraft:cobblestone":6,"minecraft:oak_planks":14,"minecraft:sugar_cane":1,"minecraft:ice":32,"minecraft:spruce_log":30,"minecraft:grass":4,"minecraft:oak_log":37,"minecraft:coal_ore":52,"minecraft:dripstone_block":23,"minecraft:dirt":25,"minecraft:oak_leaves":2},"minecraft:custom":{"minecraft:interact_with_smithing_table":1,"minecraft:mob_kills":65,"minecraft:interact_with_crafting_table":30,"minecraft:time_since_death":30583,"minecraft:sprint_one_cm":198097,"minecraft:walk_one_cm":206088,"minecraft:damage_blocked_by_shield":675,"minecraft:drop":18,"minecraft:play_time":83828,"minecraft:deaths":6,"minecraft:sneak_time":5213,"minecraft:walk_under_water_one_cm":42238,"minecraft:boat_one_cm":238452,"minecraft:jump":1743,"minecraft:walk_on_water_one_cm":10585,"minecraft:enchant_item":3,"minecraft:total_world_time":83828,"minecraft:interact_with_furnace":21,"minecraft:sleep_in_bed":1,"minecraft:time_since_rest":17594,"minecraft:damage_taken":2426,"minecraft:damage_dealt":5663,"minecraft:swim_one_cm":63068,"minecraft:fly_one_cm":538899,"minecraft:open_chest":37,"minecraft:crouch_one_cm":21685,"minecraft:fall_one_cm":33795}},"DataVersion":3465}