{"stats":{"minecraft:crafted":{"minecraft:crafting_table":2,"minecraft:spruce_planks":76,"minecraft:wooden_pickaxe":2,"minecraft:furnace":1,"minecraft:cooked_salmon":11,"minecraft:bone_meal":3,"minecraft:stone_axe":1,"minecraft:air":0,"minecraft:shield":1,"minecraft:iron_axe":1,"minecraft:stick":16,"minecraft:iron_ingot":5,"minecraft:stone_pickaxe":2,"minecraft:spruce_boat":3,"minecraft:dark_oak_planks":32},"minecraft:killed_by":{"minecraft:spider":2,"minecraft:iron_golem":1},"minecraft:dropped":{"minecraft:stone_axe":1,"minecraft:stone_sword":1,"minecraft:cobblestone":15,"minecraft:salmon":3,"minecraft:tipped_arrow":1,"minecraft:spruce_planks":9,"minecraft:cooked_salmon":1,"minecraft:arrow":1,"minecraft:spruce_log":4,"minecraft:wooden_pickaxe":2,"minecraft:stone_pickaxe":1},"minecraft:used":{"minecraft:stone_pickaxe":111,"minecraft:spruce_planks":1,"minecraft:wooden_pickaxe":25,"minecraft:shield":9,"minecraft:iron_sword":11,"minecraft:cooked_salmon":3,"minecraft:salmon":10,"minecraft:dirt":3,"minecraft:crafting_table":6,"minecraft:crossbow":1,"minecraft:snowball":16,"minecraft:spruce_log":1,"minecraft:spruce_boat":10,"minecraft:dark_oak_planks":18,"minecraft:iron_axe":67,"minecraft:stone_axe":33,"minecraft:cobblestone":4,"minecraft:beef":7,"minecraft:goat_horn":1,"minecraft:furnace":2,"minecraft:porkchop":3,"minecraft:bone_meal":4},"minecraft:picked_up":{"minecraft:crafting_table":7,"minecraft:salmon":33,"minecraft:leather":5,"minecraft:wooden_pickaxe":1,"minecraft:dirt":41,"minecraft:bone":1,"minecraft:spruce_planks":13,"minecraft:beef":15,"minecraft:stone_pickaxe":1,"minecraft:sugar_cane":12,"minecraft:iron_sword":1,"minecraft:furnace":2,"minecraft:tipped_arrow":1,"minecraft:stick":5,"minecraft:raw_iron":5,"minecraft:pumpkin":1,"minecraft:porkchop":4,"minecraft:spruce_sapling":13,"minecraft:spruce_log":33,"minecraft:stone_sword":1,"minecraft:arrow":1,"minecraft:rotten_flesh":3,"minecraft:stone_axe":1,"minecraft:spruce_boat":8,"minecraft:crossbow":1,"minecraft:bone_meal":1,"minecraft:dark_oak_fence":4,"minecraft:coal":26,"minecraft:snowball":16,"minecraft:cobblestone":65},"minecraft:killed":{"minecraft:pig":2,"minecraft:salmon":34,"minecraft:spider":1,"minecraft:skeleton":2,"minecraft:zombie":5,"minecraft:stray":1,"minecraft:cow":9},"minecraft:mined":{"minecraft:crafting_table":6,"minecraft:dark_oak_fence":4,"minecraft:grass_block":13,"minecraft:cobblestone":1,"minecraft:spruce_leaves":22,"minecraft:sugar_cane":1,"minecraft:spruce_sapling":1,"minecraft:furnace":2,"minecraft:iron_ore":5,"minecraft:ice":32,"minecraft:spruce_log":30,"minecraft:pumpkin":1,"minecraft:grass":2,"minecraft:coal_ore":26,"minecraft:dirt":3,"minecraft:packed_ice":11,"minecraft:stone":55,"minecraft:white_wool":1},"minecraft:custom":{"minecraft:interact_with_furnace":8,"minecraft:mob_kills":56,"minecraft:interact_with_crafting_table":12,"minecraft:time_since_death":27695,"minecraft:time_since_rest":27715,"minecraft:sprint_one_cm":85356,"minecraft:damage_taken":1428,"minecraft:walk_one_cm":99366,"minecraft:damage_blocked_by_shield":555,"minecraft:drop":14,"minecraft:damage_dealt":3880,"minecraft:swim_one_cm":61759,"minecraft:fly_one_cm":216100,"minecraft:open_chest":2,"minecraft:crouch_one_cm":3917,"minecraft:play_time":41993,"minecraft:deaths":3,"minecraft:sneak_time":1249,"minecraft:walk_under_water_one_cm":38634,"minecraft:boat_one_cm":95892,"minecraft:jump":775,"minecraft:walk_on_water_one_cm":7913,"minecraft:total_world_time":41993,"minecraft:fall_one_cm":13262}},"DataVersion":3465}