{"stats":{"minecraft:crafted":{"minecraft:stone_shovel":1,"minecraft:iron_chestplate":1,"minecraft:shield":1,"minecraft:crafting_table":1,"minecraft:spruce_planks":56,"minecraft:stick":12,"minecraft:iron_ingot":15,"minecraft:wooden_pickaxe":1,"minecraft:iron_pickaxe":1,"minecraft:stone_pickaxe":1,"minecraft:stone_sword":1,"minecraft:furnace":1,"minecraft:stone_axe":1,"minecraft:air":0},"minecraft:killed_by":{"minecraft:skeleton":1,"minecraft:zombie":2},"minecraft:dropped":{"minecraft:gravel":2,"minecraft:stone_pickaxe":1,"minecraft:wooden_pickaxe":1},"minecraft:picked_up":{"minecraft:raw_iron":53,"minecraft:stick":17,"minecraft:crafting_table":5,"minecraft:gravel":2,"minecraft:flint":4,"minecraft:diorite":1,"minecraft:spruce_log":14,"minecraft:bone":3,"minecraft:arrow":2,"minecraft:stone_sword":3,"minecraft:stone_shovel":3,"minecraft:rotten_flesh":6,"minecraft:stone_axe":3,"minecraft:spruce_planks":86,"minecraft:iron_ingot":1,"minecraft:stone_pickaxe":3,"minecraft:coal":107,"minecraft:cobblestone":76,"minecraft:furnace":1},"minecraft:used":{"minecraft:diorite":1,"minecraft:stone_sword":21,"minecraft:stone_pickaxe":87,"minecraft:stone_shovel":4,"minecraft:iron_pickaxe":12,"minecraft:shield":4,"minecraft:spruce_planks":9,"minecraft:wooden_pickaxe":3,"minecraft:rotten_flesh":6,"minecraft:iron_chestplate":1,"minecraft:stone_axe":15,"minecraft:cobblestone":21,"minecraft:crafting_table":2,"minecraft:furnace":1},"minecraft:killed":{"minecraft:skeleton":1,"minecraft:zombie":4},"minecraft:mined":{"minecraft:large_fern":1,"minecraft:furnace":1,"minecraft:iron_ore":21,"minecraft:spruce_log":14,"minecraft:crafting_table":2,"minecraft:coal_ore":33,"minecraft:gravel":4,"minecraft:cobblestone":8,"minecraft:spruce_leaves":3,"minecraft:stone":35,"minecraft:diorite":4},"minecraft:custom":{"minecraft:time_since_rest":8715,"minecraft:interact_with_furnace":5,"minecraft:sprint_one_cm":65045,"minecraft:damage_taken":1020,"minecraft:walk_one_cm":34596,"minecraft:damage_blocked_by_shield":240,"minecraft:mob_kills":6,"minecraft:drop":4,"minecraft:damage_dealt":1473,"minecraft:swim_one_cm":7934,"minecraft:interact_with_crafting_table":8,"minecraft:fly_one_cm":104307,"minecraft:crouch_one_cm":813,"minecraft:play_time":23025,"minecraft:deaths":3,"minecraft:sneak_time":409,"minecraft:walk_under_water_one_cm":2152,"minecraft:jump":600,"minecraft:time_since_death":8691,"minecraft:walk_on_water_one_cm":5356,"minecraft:total_world_time":23025,"minecraft:fall_one_cm":19649}},"DataVersion":3465}