{"stats":{"minecraft:crafted":{"minecraft:stone_shovel":1,"minecraft:crafting_table":1,"minecraft:spruce_planks":56,"minecraft:wooden_pickaxe":1,"minecraft:furnace":1,"minecraft:bucket":1,"minecraft:stone_axe":1,"minecraft:air":0,"minecraft:flint_and_steel":1,"minecraft:iron_chestplate":1,"minecraft:shield":1,"minecraft:stick":12,"minecraft:iron_ingot":15,"minecraft:iron_pickaxe":1,"minecraft:stone_pickaxe":1,"minecraft:stone_sword":1},"minecraft:killed_by":{"minecraft:skeleton":2,"minecraft:zombie":2},"minecraft:dropped":{"minecraft:gravel":2,"minecraft:stone_pickaxe":1,"minecraft:wooden_pickaxe":1},"minecraft:picked_up":{"minecraft:crafting_table":10,"minecraft:iron_chestplate":3,"minecraft:water_bucket":1,"minecraft:leather":2,"minecraft:flint":7,"minecraft:shield":3,"minecraft:dirt":48,"minecraft:bone":12,"minecraft:bucket":1,"minecraft:spruce_planks":170,"minecraft:beef":5,"minecraft:iron_ingot":7,"minecraft:stone_pickaxe":3,"minecraft:iron_pickaxe":3,"minecraft:furnace":5,"minecraft:stick":26,"minecraft:raw_iron":68,"minecraft:sandstone":9,"minecraft:gravel":2,"minecraft:sand":10,"minecraft:porkchop":7,"minecraft:diorite":1,"minecraft:spruce_log":14,"minecraft:stone_sword":6,"minecraft:arrow":8,"minecraft:rotten_flesh":9,"minecraft:stone_shovel":6,"minecraft:stone_axe":6,"minecraft:coal":230,"minecraft:cobblestone":131},"minecraft:used":{"minecraft:water_bucket":5,"minecraft:diorite":1,"minecraft:stone_sword":46,"minecraft:flint_and_steel":1,"minecraft:stone_shovel":52,"minecraft:stone_pickaxe":87,"minecraft:wooden_pickaxe":3,"minecraft:spruce_planks":9,"minecraft:shield":18,"minecraft:rotten_flesh":8,"minecraft:iron_chestplate":3,"minecraft:dirt":11,"minecraft:crafting_table":3,"minecraft:lava_bucket":10,"minecraft:iron_pickaxe":60,"minecraft:stone_axe":22,"minecraft:cobblestone":25,"minecraft:beef":4,"minecraft:furnace":1,"minecraft:bucket":16},"minecraft:killed":{"minecraft:pig":4,"minecraft:creeper":1,"minecraft:skeleton":1,"minecraft:zombie":7,"minecraft:cow":2},"minecraft:mined":{"minecraft:crafting_table":4,"minecraft:grass_block":5,"minecraft:cobblestone":10,"minecraft:spruce_leaves":3,"minecraft:diorite":4,"minecraft:sandstone":9,"minecraft:large_fern":1,"minecraft:furnace":2,"minecraft:birch_log":1,"minecraft:iron_ore":21,"minecraft:spruce_log":14,"minecraft:dirt_path":6,"minecraft:coal_ore":38,"minecraft:sand":10,"minecraft:dirt":28,"minecraft:gravel":4,"minecraft:stone":66},"minecraft:custom":{"minecraft:interact_with_furnace":6,"minecraft:mob_kills":16,"minecraft:interact_with_crafting_table":9,"minecraft:time_since_death":8758,"minecraft:sleep_in_bed":1,"minecraft:time_since_rest":1564,"minecraft:sprint_one_cm":146033,"minecraft:damage_taken":1620,"minecraft:walk_one_cm":59725,"minecraft:damage_blocked_by_shield":1110,"minecraft:drop":4,"minecraft:damage_dealt":2995,"minecraft:swim_one_cm":25931,"minecraft:fly_one_cm":236512,"minecraft:crouch_one_cm":4027,"minecraft:play_time":41025,"minecraft:deaths":6,"minecraft:sneak_time":1285,"minecraft:walk_under_water_one_cm":4864,"minecraft:jump":1231,"minecraft:walk_on_water_one_cm":10344,"minecraft:total_world_time":41025,"minecraft:fall_one_cm":38657}},"DataVersion":3465}