{"stats":{"minecraft:crafted":{"minecraft:stone_shovel":1,"minecraft:crafting_table":1,"minecraft:spruce_planks":56,"minecraft:stick":12,"minecraft:wooden_pickaxe":1,"minecraft:stone_pickaxe":1,"minecraft:stone_sword":1,"minecraft:stone_axe":1},"minecraft:killed_by":{"minecraft:zombie":1},"minecraft:dropped":{"minecraft:gravel":2,"minecraft:wooden_pickaxe":1},"minecraft:picked_up":{"minecraft:raw_iron":9,"minecraft:stick":2,"minecraft:crafting_table":1,"minecraft:gravel":2,"minecraft:flint":1,"minecraft:spruce_log":14,"minecraft:rotten_flesh":1,"minecraft:coal":20,"minecraft:cobblestone":20},"minecraft:used":{"minecraft:stone_sword":6,"minecraft:stone_pickaxe":46,"minecraft:stone_shovel":4,"minecraft:wooden_pickaxe":3,"minecraft:rotten_flesh":1,"minecraft:stone_axe":12,"minecraft:cobblestone":1,"minecraft:crafting_table":1},"minecraft:killed":{"minecraft:zombie":2},"minecraft:mined":{"minecraft:iron_ore":9,"minecraft:spruce_log":14,"minecraft:crafting_table":1,"minecraft:coal_ore":20,"minecraft:gravel":4,"minecraft:spruce_leaves":3,"minecraft:stone":20},"minecraft:custom":{"minecraft:time_since_rest":588,"minecraft:sprint_one_cm":28718,"minecraft:damage_taken":240,"minecraft:walk_one_cm":16202,"minecraft:mob_kills":2,"minecraft:drop":3,"minecraft:damage_dealt":540,"minecraft:swim_one_cm":4797,"minecraft:interact_with_crafting_table":4,"minecraft:fly_one_cm":38950,"minecraft:crouch_one_cm":262,"minecraft:play_time":11025,"minecraft:deaths":1,"minecraft:sneak_time":158,"minecraft:walk_under_water_one_cm":566,"minecraft:jump":258,"minecraft:time_since_death":565,"minecraft:walk_on_water_one_cm":2131,"minecraft:total_world_time":11025,"minecraft:fall_one_cm":8920}},"DataVersion":3465}