{"stats":{"minecraft:crafted":{"minecraft:stone_shovel":1,"minecraft:crafting_table":1,"minecraft:spruce_planks":56,"minecraft:wooden_pickaxe":1,"minecraft:furnace":1,"minecraft:bucket":1,"minecraft:stone_axe":1,"minecraft:air":0,"minecraft:iron_chestplate":1,"minecraft:shield":1,"minecraft:stick":12,"minecraft:iron_ingot":15,"minecraft:iron_pickaxe":1,"minecraft:stone_pickaxe":1,"minecraft:stone_sword":1},"minecraft:killed_by":{"minecraft:skeleton":2,"minecraft:zombie":2},"minecraft:dropped":{"minecraft:gravel":2,"minecraft:stone_pickaxe":1,"minecraft:wooden_pickaxe":1},"minecraft:picked_up":{"minecraft:crafting_table":9,"minecraft:iron_chestplate":3,"minecraft:water_bucket":1,"minecraft:leather":2,"minecraft:flint":7,"minecraft:shield":3,"minecraft:dirt":10,"minecraft:bone":12,"minecraft:bucket":1,"minecraft:spruce_planks":170,"minecraft:beef":5,"minecraft:iron_ingot":7,"minecraft:stone_pickaxe":3,"minecraft:iron_pickaxe":3,"minecraft:furnace":4,"minecraft:stick":26,"minecraft:raw_iron":68,"minecraft:gravel":2,"minecraft:diorite":1,"minecraft:spruce_log":14,"minecraft:stone_sword":6,"minecraft:arrow":8,"minecraft:rotten_flesh":9,"minecraft:stone_shovel":6,"minecraft:stone_axe":6,"minecraft:coal":212,"minecraft:cobblestone":106},"minecraft:used":{"minecraft:water_bucket":2,"minecraft:diorite":1,"minecraft:stone_sword":34,"minecraft:stone_shovel":4,"minecraft:stone_pickaxe":87,"minecraft:wooden_pickaxe":3,"minecraft:spruce_planks":9,"minecraft:shield":18,"minecraft:rotten_flesh":8,"minecraft:iron_chestplate":3,"minecraft:dirt":2,"minecraft:crafting_table":3,"minecraft:iron_pickaxe":20,"minecraft:stone_axe":20,"minecraft:cobblestone":22,"minecraft:beef":2,"minecraft:furnace":1,"minecraft:bucket":3},"minecraft:killed":{"minecraft:skeleton":1,"minecraft:zombie":7,"minecraft:cow":2},"minecraft:mined":{"minecraft:crafting_table":3,"minecraft:cobblestone":8,"minecraft:spruce_leaves":3,"minecraft:diorite":4,"minecraft:large_fern":1,"minecraft:furnace":1,"minecraft:iron_ore":21,"minecraft:spruce_log":14,"minecraft:coal_ore":38,"minecraft:gravel":4,"minecraft:stone":38},"minecraft:custom":{"minecraft:interact_with_furnace":5,"minecraft:mob_kills":11,"minecraft:interact_with_crafting_table":9,"minecraft:time_since_death":2758,"minecraft:time_since_rest":2781,"minecraft:sprint_one_cm":123877,"minecraft:damage_taken":1620,"minecraft:walk_one_cm":48892,"minecraft:damage_blocked_by_shield":1110,"minecraft:drop":4,"minecraft:damage_dealt":2395,"minecraft:swim_one_cm":13474,"minecraft:fly_one_cm":212813,"minecraft:crouch_one_cm":829,"minecraft:play_time":35025,"minecraft:deaths":6,"minecraft:sneak_time":432,"minecraft:walk_under_water_one_cm":4265,"minecraft:jump":1104,"minecraft:walk_on_water_one_cm":7125,"minecraft:total_world_time":35025,"minecraft:fall_one_cm":35340}},"DataVersion":3465}