{"stats":{"minecraft:crafted":{"minecraft:oak_planks":44,"minecraft:crafting_table":5,"minecraft:spruce_planks":76,"minecraft:wooden_pickaxe":2,"minecraft:cooked_salmon":9,"minecraft:stone_axe":1,"minecraft:bread":7,"minecraft:air":0,"minecraft:oak_boat":2,"minecraft:stick":12,"minecraft:stone_pickaxe":1,"minecraft:wooden_axe":1,"minecraft:stone_sword":1,"minecraft:spruce_boat":2,"minecraft:wheat":18},"minecraft:dropped":{"minecraft:cooked_salmon":4},"minecraft:killed_by":{"minecraft:skeleton":2,"minecraft:creeper":2},"minecraft:used":{"minecraft:stone_sword":3,"minecraft:stone_pickaxe":9,"minecraft:spruce_planks":1,"minecraft:wooden_pickaxe":10,"minecraft:cooked_salmon":5,"minecraft:rotten_flesh":6,"minecraft:dirt":14,"minecraft:crafting_table":7,"minecraft:snowball":11,"minecraft:spruce_log":2,"minecraft:spruce_boat":5,"minecraft:wooden_axe":1,"minecraft:apple":1,"minecraft:bread":3,"minecraft:iron_helmet":1,"minecraft:iron_boots":1,"minecraft:spruce_sapling":2,"minecraft:stone_axe":40,"minecraft:cobblestone":15,"minecraft:oak_boat":2},"minecraft:picked_up":{"minecraft:fishing_rod":1,"minecraft:crafting_table":5,"minecraft:wheat":8,"minecraft:salmon":3,"minecraft:leather":10,"minecraft:oak_log":11,"minecraft:dirt":23,"minecraft:cooked_salmon":5,"minecraft:apple":1,"minecraft:spruce_planks":9,"minecraft:beef":11,"minecraft:stone_pickaxe":1,"minecraft:oak_boat":1,"minecraft:sugar_cane":12,"minecraft:chest":1,"minecraft:stick":3,"minecraft:dandelion":1,"minecraft:gravel":1,"minecraft:porkchop":7,"minecraft:sand":4,"minecraft:spruce_sapling":8,"minecraft:grass_block":1,"minecraft:spruce_log":28,"minecraft:stone_sword":1,"minecraft:arrow":4,"minecraft:rotten_flesh":8,"minecraft:spruce_boat":4,"minecraft:stone_axe":1,"minecraft:hay_block":4,"minecraft:emerald":1,"minecraft:coal":5,"minecraft:snowball":27,"minecraft:cobblestone":32,"minecraft:ender_pearl":1},"minecraft:killed":{"minecraft:pig":4,"minecraft:spider":1,"minecraft:skeleton":2,"minecraft:zombie":4,"minecraft:cow":6,"minecraft:enderman":1},"minecraft:mined":{"minecraft:dandelion":1,"minecraft:crafting_table":5,"minecraft:grass_block":4,"minecraft:chest":1,"minecraft:spruce_leaves":9,"minecraft:sugar_cane":3,"minecraft:hay_block":4,"minecraft:ice":1,"minecraft:spruce_log":24,"minecraft:grass":6,"minecraft:oak_log":11,"minecraft:sand":4,"minecraft:gravel":1,"minecraft:dirt":19,"minecraft:packed_ice":2,"minecraft:stone":17,"minecraft:oak_leaves":3},"minecraft:custom":{"minecraft:interact_with_furnace":3,"minecraft:mob_kills":20,"minecraft:interact_with_crafting_table":10,"minecraft:leave_game":3,"minecraft:time_since_death":19571,"minecraft:time_since_rest":19591,"minecraft:sprint_one_cm":189580,"minecraft:damage_taken":2126,"minecraft:walk_one_cm":134373,"minecraft:drop":1,"minecraft:damage_dealt":3051,"minecraft:swim_one_cm":24355,"minecraft:fly_one_cm":470256,"minecraft:open_chest":2,"minecraft:crouch_one_cm":2632,"minecraft:play_time":75748,"minecraft:deaths":5,"minecraft:sneak_time":2015,"minecraft:walk_under_water_one_cm":7200,"minecraft:boat_one_cm":179235,"minecraft:jump":1683,"minecraft:walk_on_water_one_cm":12446,"minecraft:total_world_time":75748,"minecraft:fall_one_cm":33394}},"DataVersion":3465}