{"stats":{"minecraft:custom":{"minecraft:jump":141,"minecraft:time_since_rest":817,"minecraft:damage_dealt":16,"minecraft:deaths":1,"minecraft:sprint_one_cm":14116,"minecraft:play_time":5006,"minecraft:damage_taken":240,"minecraft:time_since_death":793,"minecraft:walk_one_cm":18912,"minecraft:total_world_time":5006,"minecraft:fall_one_cm":1581,"minecraft:fly_one_cm":13945},"minecraft:mined":{"minecraft:spruce_leaves":1,"minecraft:spruce_log":6},"minecraft:picked_up":{"minecraft:birch_log":1,"minecraft:spruce_log":6,"minecraft:dirt":22},"minecraft:killed_by":{"minecraft:enderman":1},"minecraft:used":{"minecraft:dirt":3}},"DataVersion":3465}