{"stats":{"minecraft:crafted":{"minecraft:wooden_sword":1,"minecraft:crafting_table":4,"minecraft:spruce_planks":24,"minecraft:wooden_pickaxe":5,"minecraft:birch_planks":8,"minecraft:stone_axe":4,"minecraft:warped_planks":96,"minecraft:stick":48,"minecraft:stone_pickaxe":4,"minecraft:wooden_axe":3,"minecraft:stone_sword":4,"minecraft:gold_ingot":32,"minecraft:golden_helmet":2,"minecraft:golden_boots":2},"minecraft:dropped":{"minecraft:warped_roots":3,"minecraft:gold_ingot":1},"minecraft:killed_by":{"minecraft:player":2,"minecraft:blaze":2,"minecraft:enderman":3},"minecraft:picked_up":{"minecraft:birch_log":7,"minecraft:crafting_table":19,"minecraft:basalt":3,"minecraft:nether_brick_fence":7,"minecraft:leather":4,"minecraft:brown_mushroom":2,"minecraft:wooden_pickaxe":2,"minecraft:dirt":34,"minecraft:twisting_vines":4,"minecraft:blackstone":71,"minecraft:gold_nugget":387,"minecraft:warped_stem":43,"minecraft:spruce_planks":6,"minecraft:stick":7,"minecraft:warped_wart_block":5,"minecraft:gravel":1,"minecraft:spruce_sapling":3,"minecraft:warped_planks":2,"minecraft:spruce_log":8,"minecraft:stone_sword":1,"minecraft:rotten_flesh":7,"minecraft:nether_bricks":30,"minecraft:gold_ingot":1,"minecraft:warped_roots":4,"minecraft:oak_sapling":3,"minecraft:netherrack":207,"minecraft:warped_nylium":1,"minecraft:ender_pearl":1},"minecraft:used":{"minecraft:golden_boots":2,"minecraft:stone_sword":12,"minecraft:stone_pickaxe":233,"minecraft:blackstone":7,"minecraft:spruce_planks":14,"minecraft:wooden_pickaxe":209,"minecraft:rotten_flesh":1,"minecraft:netherrack":148,"minecraft:dirt":3,"minecraft:warped_wart_block":3,"minecraft:crafting_table":19,"minecraft:nether_bricks":19,"minecraft:warped_planks":18,"minecraft:wooden_axe":33,"minecraft:warped_nylium":1,"minecraft:gravel":1,"minecraft:golden_helmet":2,"minecraft:stone_axe":42,"minecraft:wooden_sword":13},"minecraft:killed":{"minecraft:magma_cube":1,"minecraft:zombified_piglin":5,"minecraft:zombie":1,"minecraft:enderman":2},"minecraft:broken":{"minecraft:stone_pickaxe":1},"minecraft:mined":{"minecraft:nether_gold_ore":102,"minecraft:spruce_planks":2,"minecraft:brown_mushroom":2,"minecraft:blackstone":72,"minecraft:twisting_vines_plant":1,"minecraft:basalt":3,"minecraft:crafting_table":19,"minecraft:nether_bricks":33,"minecraft:warped_roots":3,"minecraft:spruce_leaves":1,"minecraft:warped_wart_block":6,"minecraft:warped_nylium":9,"minecraft:warped_planks":2,"minecraft:fire":6,"minecraft:spruce_log":6,"minecraft:nether_brick_fence":8,"minecraft:warped_stem":43,"minecraft:gravel":1,"minecraft:netherrack":202,"minecraft:fern":1},"minecraft:custom":{"minecraft:mob_kills":9,"minecraft:interact_with_crafting_table":39,"minecraft:time_since_death":6614,"minecraft:climb_one_cm":1915,"minecraft:time_since_rest":6643,"minecraft:sprint_one_cm":156481,"minecraft:damage_taken":2681,"minecraft:walk_one_cm":186158,"minecraft:drop":4,"minecraft:damage_dealt":2716,"minecraft:fly_one_cm":153951,"minecraft:player_kills":2,"minecraft:crouch_one_cm":23154,"minecraft:play_time":72332,"minecraft:deaths":10,"minecraft:sneak_time":11921,"minecraft:jump":1385,"minecraft:total_world_time":72332,"minecraft:fall_one_cm":37247}},"DataVersion":3465}