{"stats":{"minecraft:custom":{"minecraft:time_since_rest":12817,"minecraft:sprint_one_cm":25075,"minecraft:damage_taken":460,"minecraft:walk_one_cm":53875,"minecraft:drop":2,"minecraft:damage_dealt":258,"minecraft:player_kills":1,"minecraft:interact_with_crafting_table":8,"minecraft:fly_one_cm":23515,"minecraft:crouch_one_cm":1728,"minecraft:play_time":17006,"minecraft:deaths":1,"minecraft:sneak_time":754,"minecraft:jump":332,"minecraft:time_since_death":12793,"minecraft:climb_one_cm":1111,"minecraft:total_world_time":17006,"minecraft:fall_one_cm":4387},"minecraft:mined":{"minecraft:nether_gold_ore":2,"minecraft:warped_nylium":1,"minecraft:blackstone":12,"minecraft:spruce_log":6,"minecraft:crafting_table":3,"minecraft:warped_roots":3,"minecraft:warped_stem":28,"minecraft:spruce_leaves":1,"minecraft:netherrack":16,"minecraft:fern":1,"minecraft:warped_wart_block":3},"minecraft:picked_up":{"minecraft:birch_log":1,"minecraft:crafting_table":3,"minecraft:warped_wart_block":2,"minecraft:spruce_log":6,"minecraft:dirt":22,"minecraft:blackstone":12,"minecraft:gold_nugget":3,"minecraft:warped_stem":28,"minecraft:warped_roots":2,"minecraft:netherrack":17},"minecraft:killed_by":{"minecraft:enderman":1},"minecraft:used":{"minecraft:wooden_axe":17,"minecraft:blackstone":7,"minecraft:spruce_planks":14,"minecraft:wooden_pickaxe":31,"minecraft:netherrack":14,"minecraft:stone_axe":18,"minecraft:dirt":3,"minecraft:warped_wart_block":1,"minecraft:crafting_table":3,"minecraft:warped_planks":18},"minecraft:dropped":{"minecraft:warped_roots":2},"minecraft:crafted":{"minecraft:warped_planks":56,"minecraft:crafting_table":1,"minecraft:spruce_planks":24,"minecraft:stick":20,"minecraft:wooden_pickaxe":1,"minecraft:wooden_axe":1,"minecraft:stone_sword":1,"minecraft:stone_axe":1}},"DataVersion":3465}