{"stats":{"minecraft:crafted":{"minecraft:wooden_sword":1,"minecraft:crafting_table":3,"minecraft:spruce_planks":24,"minecraft:wooden_pickaxe":4,"minecraft:birch_planks":8,"minecraft:stone_axe":2,"minecraft:warped_planks":76,"minecraft:stick":32,"minecraft:stone_pickaxe":2,"minecraft:wooden_axe":2,"minecraft:stone_sword":3,"minecraft:gold_ingot":23,"minecraft:golden_helmet":1,"minecraft:golden_boots":1},"minecraft:dropped":{"minecraft:warped_roots":2},"minecraft:killed_by":{"minecraft:player":2,"minecraft:blaze":1,"minecraft:enderman":2},"minecraft:picked_up":{"minecraft:birch_log":7,"minecraft:crafting_table":13,"minecraft:basalt":1,"minecraft:nether_brick_fence":7,"minecraft:brown_mushroom":2,"minecraft:wooden_pickaxe":2,"minecraft:dirt":34,"minecraft:twisting_vines":4,"minecraft:blackstone":47,"minecraft:gold_nugget":289,"minecraft:warped_stem":38,"minecraft:spruce_planks":6,"minecraft:stick":7,"minecraft:warped_wart_block":5,"minecraft:gravel":1,"minecraft:spruce_sapling":3,"minecraft:spruce_log":8,"minecraft:warped_planks":2,"minecraft:stone_sword":1,"minecraft:rotten_flesh":2,"minecraft:nether_bricks":30,"minecraft:warped_roots":3,"minecraft:oak_sapling":3,"minecraft:netherrack":151,"minecraft:warped_nylium":1,"minecraft:ender_pearl":1},"minecraft:used":{"minecraft:golden_boots":1,"minecraft:stone_sword":12,"minecraft:stone_pickaxe":173,"minecraft:blackstone":7,"minecraft:spruce_planks":14,"minecraft:wooden_pickaxe":157,"minecraft:rotten_flesh":1,"minecraft:netherrack":117,"minecraft:dirt":3,"minecraft:warped_wart_block":3,"minecraft:crafting_table":13,"minecraft:nether_bricks":19,"minecraft:warped_planks":18,"minecraft:wooden_axe":30,"minecraft:warped_nylium":1,"minecraft:golden_helmet":1,"minecraft:stone_axe":27,"minecraft:wooden_sword":13},"minecraft:killed":{"minecraft:magma_cube":1,"minecraft:zombie":1,"minecraft:enderman":2},"minecraft:broken":{"minecraft:stone_pickaxe":1},"minecraft:mined":{"minecraft:nether_gold_ore":74,"minecraft:spruce_planks":2,"minecraft:brown_mushroom":2,"minecraft:blackstone":48,"minecraft:twisting_vines_plant":1,"minecraft:basalt":1,"minecraft:crafting_table":13,"minecraft:nether_bricks":33,"minecraft:warped_roots":3,"minecraft:spruce_leaves":1,"minecraft:warped_wart_block":6,"minecraft:warped_nylium":9,"minecraft:warped_planks":2,"minecraft:fire":6,"minecraft:spruce_log":6,"minecraft:nether_brick_fence":8,"minecraft:warped_stem":38,"minecraft:gravel":1,"minecraft:netherrack":144,"minecraft:fern":1},"minecraft:custom":{"minecraft:mob_kills":4,"minecraft:interact_with_crafting_table":27,"minecraft:time_since_death":6143,"minecraft:climb_one_cm":1915,"minecraft:time_since_rest":6180,"minecraft:sprint_one_cm":92208,"minecraft:damage_taken":1875,"minecraft:walk_one_cm":141695,"minecraft:drop":2,"minecraft:damage_dealt":1744,"minecraft:fly_one_cm":81119,"minecraft:player_kills":2,"minecraft:crouch_one_cm":19176,"minecraft:play_time":52402,"minecraft:deaths":7,"minecraft:sneak_time":9189,"minecraft:jump":831,"minecraft:total_world_time":52402,"minecraft:fall_one_cm":17653}},"DataVersion":3465}