{"stats":{"minecraft:crafted":{"minecraft:warped_planks":68,"minecraft:crafting_table":2,"minecraft:spruce_planks":24,"minecraft:stick":28,"minecraft:wooden_pickaxe":3,"minecraft:stone_pickaxe":2,"minecraft:wooden_axe":1,"minecraft:stone_sword":3,"minecraft:gold_ingot":18,"minecraft:stone_axe":1,"minecraft:golden_boots":1},"minecraft:killed_by":{"minecraft:blaze":1,"minecraft:enderman":1},"minecraft:dropped":{"minecraft:warped_roots":2},"minecraft:picked_up":{"minecraft:birch_log":1,"minecraft:crafting_table":9,"minecraft:basalt":1,"minecraft:nether_brick_fence":7,"minecraft:warped_wart_block":5,"minecraft:warped_planks":2,"minecraft:spruce_log":6,"minecraft:dirt":22,"minecraft:blackstone":47,"minecraft:nether_bricks":30,"minecraft:gold_nugget":213,"minecraft:warped_stem":31,"minecraft:warped_roots":2,"minecraft:netherrack":105},"minecraft:used":{"minecraft:wooden_axe":18,"minecraft:stone_pickaxe":173,"minecraft:blackstone":7,"minecraft:spruce_planks":14,"minecraft:wooden_pickaxe":81,"minecraft:netherrack":95,"minecraft:stone_axe":23,"minecraft:dirt":3,"minecraft:warped_wart_block":3,"minecraft:crafting_table":10,"minecraft:nether_bricks":19,"minecraft:warped_planks":18,"minecraft:golden_boots":1},"minecraft:killed":{"minecraft:magma_cube":1},"minecraft:broken":{"minecraft:stone_pickaxe":1},"minecraft:mined":{"minecraft:nether_gold_ore":55,"minecraft:warped_nylium":3,"minecraft:warped_planks":2,"minecraft:blackstone":48,"minecraft:fire":6,"minecraft:basalt":1,"minecraft:spruce_log":6,"minecraft:crafting_table":9,"minecraft:nether_bricks":33,"minecraft:nether_brick_fence":8,"minecraft:warped_roots":3,"minecraft:warped_stem":31,"minecraft:spruce_leaves":1,"minecraft:netherrack":103,"minecraft:fern":1,"minecraft:warped_wart_block":6},"minecraft:custom":{"minecraft:time_since_rest":5599,"minecraft:damage_taken":834,"minecraft:sprint_one_cm":64476,"minecraft:walk_one_cm":101446,"minecraft:mob_kills":1,"minecraft:drop":2,"minecraft:damage_dealt":283,"minecraft:interact_with_crafting_table":19,"minecraft:fly_one_cm":52497,"minecraft:player_kills":1,"minecraft:crouch_one_cm":15208,"minecraft:play_time":40402,"minecraft:deaths":3,"minecraft:sneak_time":6954,"minecraft:jump":598,"minecraft:time_since_death":5565,"minecraft:total_world_time":40402,"minecraft:climb_one_cm":1235,"minecraft:fall_one_cm":14297}},"DataVersion":3465}