{"stats":{"minecraft:crafted":{"minecraft:oak_planks":44,"minecraft:crafting_table":4,"minecraft:spruce_planks":52,"minecraft:wooden_pickaxe":1,"minecraft:cooked_salmon":9,"minecraft:stone_axe":1,"minecraft:bread":6,"minecraft:air":0,"minecraft:oak_boat":2,"minecraft:stick":8,"minecraft:stone_pickaxe":1,"minecraft:stone_sword":1,"minecraft:spruce_boat":2,"minecraft:wheat":18},"minecraft:dropped":{"minecraft:cooked_salmon":4},"minecraft:killed_by":{"minecraft:skeleton":2,"minecraft:creeper":2},"minecraft:used":{"minecraft:stone_sword":3,"minecraft:stone_pickaxe":9,"minecraft:spruce_planks":1,"minecraft:wooden_pickaxe":10,"minecraft:cooked_salmon":5,"minecraft:rotten_flesh":5,"minecraft:dirt":9,"minecraft:crafting_table":6,"minecraft:spruce_log":2,"minecraft:spruce_boat":5,"minecraft:apple":1,"minecraft:bread":2,"minecraft:iron_helmet":1,"minecraft:iron_boots":1,"minecraft:spruce_sapling":2,"minecraft:stone_axe":40,"minecraft:cobblestone":15,"minecraft:oak_boat":2},"minecraft:picked_up":{"minecraft:fishing_rod":1,"minecraft:crafting_table":4,"minecraft:wheat":8,"minecraft:salmon":3,"minecraft:leather":10,"minecraft:oak_log":11,"minecraft:dirt":18,"minecraft:cooked_salmon":5,"minecraft:apple":1,"minecraft:spruce_planks":9,"minecraft:beef":11,"minecraft:stone_pickaxe":1,"minecraft:oak_boat":1,"minecraft:sugar_cane":6,"minecraft:chest":1,"minecraft:stick":2,"minecraft:dandelion":1,"minecraft:gravel":1,"minecraft:porkchop":7,"minecraft:spruce_sapling":5,"minecraft:grass_block":1,"minecraft:spruce_log":22,"minecraft:stone_sword":1,"minecraft:arrow":4,"minecraft:rotten_flesh":8,"minecraft:spruce_boat":4,"minecraft:stone_axe":1,"minecraft:hay_block":4,"minecraft:emerald":1,"minecraft:coal":5,"minecraft:cobblestone":32,"minecraft:ender_pearl":1},"minecraft:killed":{"minecraft:pig":4,"minecraft:spider":1,"minecraft:skeleton":2,"minecraft:zombie":4,"minecraft:cow":6,"minecraft:enderman":1},"minecraft:mined":{"minecraft:dandelion":1,"minecraft:crafting_table":4,"minecraft:grass_block":2,"minecraft:chest":1,"minecraft:spruce_leaves":4,"minecraft:sugar_cane":2,"minecraft:hay_block":4,"minecraft:spruce_log":18,"minecraft:grass":5,"minecraft:oak_log":11,"minecraft:gravel":1,"minecraft:dirt":18,"minecraft:packed_ice":1,"minecraft:stone":17,"minecraft:oak_leaves":3},"minecraft:custom":{"minecraft:interact_with_furnace":3,"minecraft:mob_kills":20,"minecraft:interact_with_crafting_table":8,"minecraft:leave_game":3,"minecraft:time_since_death":1571,"minecraft:time_since_rest":1591,"minecraft:sprint_one_cm":170779,"minecraft:damage_taken":2116,"minecraft:walk_one_cm":109078,"minecraft:drop":1,"minecraft:damage_dealt":3035,"minecraft:swim_one_cm":19955,"minecraft:fly_one_cm":405861,"minecraft:open_chest":1,"minecraft:crouch_one_cm":2236,"minecraft:play_time":57748,"minecraft:deaths":5,"minecraft:sneak_time":1641,"minecraft:walk_under_water_one_cm":6362,"minecraft:boat_one_cm":179235,"minecraft:jump":1429,"minecraft:walk_on_water_one_cm":10989,"minecraft:total_world_time":57748,"minecraft:fall_one_cm":29448}},"DataVersion":3465}