{"stats":{"minecraft:crafted":{"minecraft:wooden_sword":1,"minecraft:crafting_table":3,"minecraft:spruce_planks":24,"minecraft:wooden_pickaxe":4,"minecraft:birch_planks":8,"minecraft:stone_axe":3,"minecraft:warped_planks":76,"minecraft:stick":36,"minecraft:stone_pickaxe":3,"minecraft:wooden_axe":2,"minecraft:stone_sword":3,"minecraft:gold_ingot":28,"minecraft:golden_helmet":2,"minecraft:golden_boots":1},"minecraft:dropped":{"minecraft:warped_roots":3},"minecraft:killed_by":{"minecraft:player":2,"minecraft:blaze":2,"minecraft:enderman":3},"minecraft:picked_up":{"minecraft:birch_log":7,"minecraft:crafting_table":16,"minecraft:basalt":1,"minecraft:nether_brick_fence":7,"minecraft:brown_mushroom":2,"minecraft:wooden_pickaxe":2,"minecraft:dirt":34,"minecraft:twisting_vines":4,"minecraft:blackstone":63,"minecraft:gold_nugget":351,"minecraft:warped_stem":38,"minecraft:spruce_planks":6,"minecraft:stick":7,"minecraft:warped_wart_block":5,"minecraft:gravel":1,"minecraft:spruce_sapling":3,"minecraft:spruce_log":8,"minecraft:warped_planks":2,"minecraft:stone_sword":1,"minecraft:rotten_flesh":2,"minecraft:nether_bricks":30,"minecraft:warped_roots":4,"minecraft:oak_sapling":3,"minecraft:netherrack":191,"minecraft:warped_nylium":1,"minecraft:ender_pearl":1},"minecraft:used":{"minecraft:golden_boots":1,"minecraft:stone_sword":12,"minecraft:stone_pickaxe":229,"minecraft:blackstone":7,"minecraft:spruce_planks":14,"minecraft:wooden_pickaxe":177,"minecraft:rotten_flesh":1,"minecraft:netherrack":143,"minecraft:dirt":3,"minecraft:warped_wart_block":3,"minecraft:crafting_table":16,"minecraft:nether_bricks":19,"minecraft:warped_planks":18,"minecraft:wooden_axe":32,"minecraft:warped_nylium":1,"minecraft:gravel":1,"minecraft:golden_helmet":2,"minecraft:stone_axe":28,"minecraft:wooden_sword":13},"minecraft:killed":{"minecraft:magma_cube":1,"minecraft:zombie":1,"minecraft:enderman":2},"minecraft:broken":{"minecraft:stone_pickaxe":1},"minecraft:mined":{"minecraft:nether_gold_ore":92,"minecraft:spruce_planks":2,"minecraft:brown_mushroom":2,"minecraft:blackstone":64,"minecraft:twisting_vines_plant":1,"minecraft:basalt":1,"minecraft:crafting_table":16,"minecraft:nether_bricks":33,"minecraft:warped_roots":3,"minecraft:spruce_leaves":1,"minecraft:warped_wart_block":6,"minecraft:warped_nylium":9,"minecraft:warped_planks":2,"minecraft:fire":6,"minecraft:spruce_log":6,"minecraft:nether_brick_fence":8,"minecraft:warped_stem":38,"minecraft:gravel":1,"minecraft:netherrack":186,"minecraft:fern":1},"minecraft:custom":{"minecraft:mob_kills":4,"minecraft:interact_with_crafting_table":34,"minecraft:time_since_death":505,"minecraft:climb_one_cm":1915,"minecraft:time_since_rest":530,"minecraft:sprint_one_cm":129394,"minecraft:damage_taken":2341,"minecraft:walk_one_cm":171243,"minecraft:drop":3,"minecraft:damage_dealt":1744,"minecraft:fly_one_cm":123884,"minecraft:player_kills":2,"minecraft:crouch_one_cm":22432,"minecraft:play_time":64402,"minecraft:deaths":9,"minecraft:sneak_time":11345,"minecraft:jump":1180,"minecraft:total_world_time":64402,"minecraft:fall_one_cm":28812}},"DataVersion":3465}