{"stats":{"minecraft:custom":{"minecraft:time_since_rest":97,"minecraft:sprint_one_cm":57338,"minecraft:damage_taken":821,"minecraft:walk_one_cm":31984,"minecraft:mob_kills":4,"minecraft:damage_dealt":508,"minecraft:swim_one_cm":12994,"minecraft:interact_with_crafting_table":4,"minecraft:fly_one_cm":112818,"minecraft:open_chest":1,"minecraft:crouch_one_cm":510,"minecraft:play_time":24023,"minecraft:deaths":2,"minecraft:sneak_time":317,"minecraft:walk_under_water_one_cm":2240,"minecraft:boat_one_cm":99765,"minecraft:jump":469,"minecraft:leave_game":2,"minecraft:time_since_death":77,"minecraft:walk_on_water_one_cm":4796,"minecraft:total_world_time":24023,"minecraft:fall_one_cm":9757},"minecraft:killed":{"minecraft:zombie":2},"minecraft:crafted":{"minecraft:oak_boat":2,"minecraft:oak_planks":44,"minecraft:crafting_table":2,"minecraft:spruce_planks":28,"minecraft:spruce_boat":1,"minecraft:bread":6,"minecraft:wheat":18},"minecraft:picked_up":{"minecraft:crafting_table":2,"minecraft:dandelion":1,"minecraft:oak_log":11,"minecraft:spruce_log":7,"minecraft:dirt":1,"minecraft:rotten_flesh":3,"minecraft:apple":1,"minecraft:hay_block":4,"minecraft:oak_boat":1},"minecraft:mined":{"minecraft:hay_block":4,"minecraft:spruce_log":7,"minecraft:dandelion":1,"minecraft:crafting_table":2,"minecraft:grass":2,"minecraft:grass_block":1,"minecraft:oak_log":11,"minecraft:spruce_leaves":3,"minecraft:oak_leaves":3},"minecraft:used":{"minecraft:spruce_boat":1,"minecraft:apple":1,"minecraft:bread":2,"minecraft:spruce_planks":1,"minecraft:iron_helmet":1,"minecraft:iron_boots":1,"minecraft:rotten_flesh":3,"minecraft:crafting_table":4,"minecraft:oak_boat":2},"minecraft:killed_by":{"minecraft:creeper":2}},"DataVersion":3465}