{"stats":{"minecraft:crafted":{"minecraft:wooden_sword":1,"minecraft:oak_door":3,"minecraft:oak_planks":24,"minecraft:crafting_table":5,"minecraft:spruce_planks":44,"minecraft:wooden_pickaxe":6,"minecraft:furnace":1,"minecraft:birch_planks":8,"minecraft:stone_axe":5,"minecraft:air":0,"minecraft:warped_planks":96,"minecraft:shield":1,"minecraft:stick":60,"minecraft:iron_pickaxe":1,"minecraft:iron_ingot":6,"minecraft:stone_pickaxe":5,"minecraft:wooden_axe":3,"minecraft:stone_sword":4,"minecraft:gold_ingot":32,"minecraft:spruce_boat":1,"minecraft:torch":4,"minecraft:golden_helmet":2,"minecraft:golden_boots":2},"minecraft:dropped":{"minecraft:warped_roots":3,"minecraft:gold_ingot":1},"minecraft:killed_by":{"minecraft:player":2,"minecraft:wither_skeleton":1,"minecraft:skeleton":1,"minecraft:blaze":3,"minecraft:enderman":3},"minecraft:picked_up":{"minecraft:birch_log":7,"minecraft:crafting_table":25,"minecraft:basalt":6,"minecraft:nether_brick_fence":7,"minecraft:leather":4,"minecraft:brown_mushroom":2,"minecraft:wooden_pickaxe":4,"minecraft:red_mushroom":2,"minecraft:tuff":6,"minecraft:oak_log":6,"minecraft:golden_boots":1,"minecraft:dirt":45,"minecraft:twisting_vines":4,"minecraft:blackstone":71,"minecraft:raw_gold":15,"minecraft:gold_nugget":387,"minecraft:cobbled_deepslate":36,"minecraft:warped_stem":43,"minecraft:spruce_planks":20,"minecraft:stone_pickaxe":2,"minecraft:oak_planks":8,"minecraft:furnace":1,"minecraft:stick":11,"minecraft:raw_iron":10,"minecraft:oak_door":3,"minecraft:torch":7,"minecraft:warped_wart_block":5,"minecraft:gravel":1,"minecraft:spruce_sapling":3,"minecraft:warped_planks":6,"minecraft:spruce_log":13,"minecraft:stone_sword":2,"minecraft:rotten_flesh":12,"minecraft:diamond":2,"minecraft:spruce_boat":1,"minecraft:stone_axe":2,"minecraft:nether_bricks":43,"minecraft:gold_ingot":1,"minecraft:warped_roots":4,"minecraft:coal":39,"minecraft:oak_sapling":3,"minecraft:netherrack":213,"minecraft:warped_nylium":1,"minecraft:cobblestone":18,"minecraft:wooden_axe":1,"minecraft:ender_pearl":1},"minecraft:used":{"minecraft:golden_boots":2,"minecraft:stone_sword":12,"minecraft:stone_pickaxe":291,"minecraft:blackstone":7,"minecraft:spruce_planks":14,"minecraft:wooden_pickaxe":222,"minecraft:rotten_flesh":6,"minecraft:netherrack":162,"minecraft:oak_door":2,"minecraft:torch":6,"minecraft:dirt":12,"minecraft:warped_wart_block":3,"minecraft:crafting_table":23,"minecraft:nether_bricks":19,"minecraft:warped_planks":18,"minecraft:wooden_axe":33,"minecraft:iron_pickaxe":49,"minecraft:warped_nylium":1,"minecraft:gravel":1,"minecraft:cobblestone":6,"minecraft:golden_helmet":2,"minecraft:stone_axe":53,"minecraft:basalt":2,"minecraft:wooden_sword":13,"minecraft:furnace":1,"minecraft:cobbled_deepslate":24},"minecraft:killed":{"minecraft:magma_cube":1,"minecraft:zombified_piglin":5,"minecraft:zombie":3,"minecraft:enderman":2},"minecraft:broken":{"minecraft:stone_pickaxe":1},"minecraft:mined":{"minecraft:nether_gold_ore":102,"minecraft:tuff":6,"minecraft:spruce_planks":2,"minecraft:brown_mushroom":2,"minecraft:blackstone":72,"minecraft:deepslate_diamond_ore":2,"minecraft:oak_door":1,"minecraft:twisting_vines_plant":1,"minecraft:basalt":4,"minecraft:crafting_table":23,"minecraft:nether_bricks":46,"minecraft:warped_roots":3,"minecraft:spruce_leaves":2,"minecraft:deepslate_gold_ore":15,"minecraft:red_mushroom":1,"minecraft:wall_torch":3,"minecraft:warped_wart_block":6,"minecraft:warped_nylium":9,"minecraft:furnace":1,"minecraft:warped_planks":2,"minecraft:iron_ore":2,"minecraft:fire":8,"minecraft:spruce_log":11,"minecraft:birch_leaves":1,"minecraft:nether_brick_fence":8,"minecraft:coal_ore":14,"minecraft:oak_log":6,"minecraft:deepslate_iron_ore":4,"minecraft:warped_stem":43,"minecraft:gravel":1,"minecraft:dirt":10,"minecraft:stone":12,"minecraft:netherrack":207,"minecraft:deepslate":38,"minecraft:oak_leaves":1,"minecraft:fern":1},"minecraft:custom":{"minecraft:interact_with_furnace":2,"minecraft:mob_kills":12,"minecraft:interact_with_crafting_table":49,"minecraft:time_since_death":8906,"minecraft:climb_one_cm":2517,"minecraft:time_since_rest":8934,"minecraft:sprint_one_cm":210256,"minecraft:damage_taken":3819,"minecraft:walk_one_cm":224692,"minecraft:drop":4,"minecraft:damage_dealt":3268,"minecraft:swim_one_cm":22237,"minecraft:fly_one_cm":232337,"minecraft:player_kills":2,"minecraft:crouch_one_cm":28331,"minecraft:play_time":96332,"minecraft:deaths":14,"minecraft:sneak_time":15890,"minecraft:walk_under_water_one_cm":13160,"minecraft:jump":1875,"minecraft:walk_on_water_one_cm":8653,"minecraft:total_world_time":96332,"minecraft:fall_one_cm":53114}},"DataVersion":3465}