{"stats":{"minecraft:broken":{"minecraft:stone_pickaxe":1},"minecraft:custom":{"minecraft:time_since_rest":24817,"minecraft:sprint_one_cm":27095,"minecraft:damage_taken":470,"minecraft:walk_one_cm":80183,"minecraft:drop":2,"minecraft:damage_dealt":258,"minecraft:player_kills":1,"minecraft:interact_with_crafting_table":16,"minecraft:fly_one_cm":24063,"minecraft:crouch_one_cm":12416,"minecraft:play_time":29006,"minecraft:deaths":1,"minecraft:sneak_time":4883,"minecraft:jump":377,"minecraft:time_since_death":24793,"minecraft:climb_one_cm":1111,"minecraft:total_world_time":29006,"minecraft:fall_one_cm":5140},"minecraft:mined":{"minecraft:nether_gold_ore":55,"minecraft:warped_nylium":1,"minecraft:blackstone":38,"minecraft:fire":1,"minecraft:basalt":1,"minecraft:spruce_log":6,"minecraft:crafting_table":8,"minecraft:nether_bricks":11,"minecraft:nether_brick_fence":6,"minecraft:warped_roots":3,"minecraft:warped_stem":28,"minecraft:spruce_leaves":1,"minecraft:netherrack":82,"minecraft:fern":1,"minecraft:warped_wart_block":6},"minecraft:picked_up":{"minecraft:birch_log":1,"minecraft:crafting_table":8,"minecraft:basalt":1,"minecraft:nether_brick_fence":5,"minecraft:warped_wart_block":5,"minecraft:spruce_log":6,"minecraft:dirt":22,"minecraft:blackstone":38,"minecraft:nether_bricks":11,"minecraft:gold_nugget":213,"minecraft:warped_stem":28,"minecraft:warped_roots":2,"minecraft:netherrack":82},"minecraft:killed_by":{"minecraft:enderman":1},"minecraft:used":{"minecraft:golden_boots":1,"minecraft:wooden_axe":18,"minecraft:stone_pickaxe":150,"minecraft:blackstone":7,"minecraft:spruce_planks":14,"minecraft:wooden_pickaxe":45,"minecraft:netherrack":81,"minecraft:stone_axe":23,"minecraft:dirt":3,"minecraft:warped_wart_block":3,"minecraft:crafting_table":8,"minecraft:warped_planks":18},"minecraft:dropped":{"minecraft:warped_roots":2},"minecraft:crafted":{"minecraft:warped_planks":56,"minecraft:crafting_table":1,"minecraft:spruce_planks":24,"minecraft:stick":20,"minecraft:wooden_pickaxe":1,"minecraft:stone_pickaxe":2,"minecraft:wooden_axe":1,"minecraft:stone_sword":1,"minecraft:gold_ingot":18,"minecraft:stone_axe":1,"minecraft:golden_boots":1}},"DataVersion":3465}