{"stats":{"minecraft:crafted":{"minecraft:oak_boat":2,"minecraft:oak_planks":44,"minecraft:crafting_table":3,"minecraft:spruce_planks":52,"minecraft:stick":8,"minecraft:wooden_pickaxe":1,"minecraft:stone_pickaxe":1,"minecraft:stone_sword":1,"minecraft:spruce_boat":1,"minecraft:stone_axe":1,"minecraft:bread":6,"minecraft:wheat":18},"minecraft:killed_by":{"minecraft:creeper":2},"minecraft:used":{"minecraft:spruce_boat":1,"minecraft:apple":1,"minecraft:bread":2,"minecraft:stone_pickaxe":9,"minecraft:spruce_planks":1,"minecraft:iron_helmet":1,"minecraft:wooden_pickaxe":10,"minecraft:iron_boots":1,"minecraft:spruce_sapling":1,"minecraft:rotten_flesh":5,"minecraft:stone_axe":3,"minecraft:dirt":9,"minecraft:crafting_table":5,"minecraft:oak_boat":2},"minecraft:picked_up":{"minecraft:stick":1,"minecraft:crafting_table":3,"minecraft:dandelion":1,"minecraft:spruce_sapling":2,"minecraft:oak_log":11,"minecraft:spruce_log":16,"minecraft:dirt":18,"minecraft:apple":1,"minecraft:rotten_flesh":5,"minecraft:hay_block":4,"minecraft:oak_boat":1,"minecraft:sugar_cane":6,"minecraft:cobblestone":17},"minecraft:killed":{"minecraft:zombie":2},"minecraft:mined":{"minecraft:hay_block":4,"minecraft:spruce_log":16,"minecraft:dandelion":1,"minecraft:crafting_table":3,"minecraft:grass":2,"minecraft:grass_block":2,"minecraft:oak_log":11,"minecraft:dirt":18,"minecraft:spruce_leaves":4,"minecraft:stone":17,"minecraft:sugar_cane":2,"minecraft:oak_leaves":3},"minecraft:custom":{"minecraft:time_since_rest":7678,"minecraft:interact_with_furnace":2,"minecraft:sprint_one_cm":93970,"minecraft:damage_taken":1121,"minecraft:walk_one_cm":70953,"minecraft:mob_kills":4,"minecraft:damage_dealt":508,"minecraft:swim_one_cm":12994,"minecraft:interact_with_crafting_table":7,"minecraft:fly_one_cm":228691,"minecraft:open_chest":1,"minecraft:crouch_one_cm":1935,"minecraft:play_time":39757,"minecraft:deaths":3,"minecraft:sneak_time":1498,"minecraft:walk_under_water_one_cm":3715,"minecraft:boat_one_cm":109080,"minecraft:jump":864,"minecraft:leave_game":3,"minecraft:walk_on_water_one_cm":7751,"minecraft:time_since_death":7650,"minecraft:total_world_time":39757,"minecraft:fall_one_cm":16982}},"DataVersion":3465}