{"stats":{"minecraft:crafted":{"minecraft:wooden_sword":1,"minecraft:oak_door":3,"minecraft:oak_planks":100,"minecraft:furnace":1,"minecraft:oak_trapdoor":12,"minecraft:warped_planks":96,"minecraft:stone_pickaxe":5,"minecraft:spruce_boat":1,"minecraft:golden_helmet":2,"minecraft:golden_boots":2,"minecraft:crafting_table":7,"minecraft:spruce_planks":44,"minecraft:wooden_pickaxe":7,"minecraft:bucket":1,"minecraft:birch_planks":8,"minecraft:stone_axe":5,"minecraft:air":0,"minecraft:oak_boat":1,"minecraft:shield":1,"minecraft:stick":72,"minecraft:iron_ingot":6,"minecraft:iron_pickaxe":1,"minecraft:wooden_axe":4,"minecraft:stone_sword":4,"minecraft:iron_shovel":1,"minecraft:gold_ingot":32,"minecraft:torch":4},"minecraft:dropped":{"minecraft:warped_roots":3,"minecraft:dirt":1,"minecraft:gold_ingot":1},"minecraft:killed_by":{"minecraft:player":3,"minecraft:wither_skeleton":1,"minecraft:creeper":1,"minecraft:enderman":3,"minecraft:skeleton":4,"minecraft:blaze":3,"minecraft:zombie":1},"minecraft:picked_up":{"minecraft:wooden_axe":1,"minecraft:crafting_table":25,"minecraft:nether_brick_fence":7,"minecraft:brown_mushroom":2,"minecraft:wooden_pickaxe":4,"minecraft:string":2,"minecraft:blackstone":71,"minecraft:gold_nugget":387,"minecraft:cobbled_deepslate":53,"minecraft:spruce_planks":20,"minecraft:furnace":1,"minecraft:stick":11,"minecraft:raw_iron":14,"minecraft:oak_door":3,"minecraft:torch":8,"minecraft:warped_planks":6,"minecraft:stone_sword":2,"minecraft:rotten_flesh":16,"minecraft:nether_bricks":43,"minecraft:saddle":1,"minecraft:gold_ingot":1,"minecraft:mutton":3,"minecraft:obsidian":7,"minecraft:white_wool":2,"minecraft:cobblestone":65,"minecraft:oxeye_daisy":2,"minecraft:birch_log":7,"minecraft:feather":1,"minecraft:basalt":6,"minecraft:leather":4,"minecraft:red_mushroom":2,"minecraft:potato":6,"minecraft:tuff":6,"minecraft:oak_log":25,"minecraft:golden_boots":1,"minecraft:dirt":119,"minecraft:twisting_vines":4,"minecraft:wheat_seeds":2,"minecraft:warped_stem":43,"minecraft:raw_gold":16,"minecraft:iron_ingot":5,"minecraft:stone_pickaxe":2,"minecraft:oak_planks":11,"minecraft:warped_wart_block":5,"minecraft:gravel":1,"minecraft:spruce_sapling":3,"minecraft:spruce_log":13,"minecraft:diamond":4,"minecraft:stone_axe":2,"minecraft:spruce_boat":1,"minecraft:warped_roots":4,"minecraft:emerald":3,"minecraft:bread":3,"minecraft:oak_sapling":12,"minecraft:warped_nylium":1,"minecraft:netherrack":213,"minecraft:coal":39,"minecraft:ender_pearl":1},"minecraft:used":{"minecraft:oak_trapdoor":6,"minecraft:stone_sword":12,"minecraft:iron_shovel":22,"minecraft:spruce_planks":14,"minecraft:rotten_flesh":9,"minecraft:netherrack":162,"minecraft:oak_door":2,"minecraft:torch":8,"minecraft:dirt":40,"minecraft:warped_wart_block":3,"minecraft:nether_bricks":19,"minecraft:wooden_axe":40,"minecraft:warped_nylium":1,"minecraft:basalt":2,"minecraft:furnace":1,"minecraft:cobbled_deepslate":33,"minecraft:golden_boots":2,"minecraft:water_bucket":1,"minecraft:stone_pickaxe":291,"minecraft:oak_planks":1,"minecraft:blackstone":7,"minecraft:wooden_pickaxe":272,"minecraft:leather_chestplate":1,"minecraft:crafting_table":25,"minecraft:warped_planks":18,"minecraft:bread":4,"minecraft:iron_pickaxe":65,"minecraft:gravel":1,"minecraft:golden_helmet":2,"minecraft:stone_axe":56,"minecraft:wooden_sword":13,"minecraft:cobblestone":6,"minecraft:bucket":2,"minecraft:oak_boat":1},"minecraft:killed":{"minecraft:zombified_piglin":5,"minecraft:spider":1,"minecraft:magma_cube":1,"minecraft:sheep":2,"minecraft:zombie":3,"minecraft:enderman":2},"minecraft:broken":{"minecraft:stone_pickaxe":1},"minecraft:mined":{"minecraft:nether_gold_ore":102,"minecraft:tuff":6,"minecraft:spruce_planks":2,"minecraft:deepslate_diamond_ore":2,"minecraft:oak_door":1,"minecraft:nether_bricks":46,"minecraft:grass_block":12,"minecraft:spruce_leaves":2,"minecraft:red_mushroom":1,"minecraft:furnace":1,"minecraft:iron_ore":2,"minecraft:fire":8,"minecraft:cobbled_deepslate":1,"minecraft:nether_brick_fence":8,"minecraft:dirt_path":6,"minecraft:deepslate_iron_ore":8,"minecraft:warped_stem":43,"minecraft:stone":61,"minecraft:brown_mushroom":2,"minecraft:blackstone":72,"minecraft:twisting_vines_plant":1,"minecraft:basalt":4,"minecraft:crafting_table":23,"minecraft:warped_roots":3,"minecraft:deepslate_gold_ore":16,"minecraft:oak_planks":2,"minecraft:wall_torch":3,"minecraft:warped_wart_block":6,"minecraft:warped_nylium":9,"minecraft:warped_planks":2,"minecraft:spruce_log":11,"minecraft:birch_leaves":1,"minecraft:grass":4,"minecraft:oak_log":25,"minecraft:coal_ore":14,"minecraft:gravel":1,"minecraft:dirt":28,"minecraft:netherrack":207,"minecraft:oak_leaves":5,"minecraft:deepslate":48,"minecraft:fern":1},"minecraft:custom":{"minecraft:mob_kills":15,"minecraft:interact_with_crafting_table":55,"minecraft:time_since_death":6086,"minecraft:climb_one_cm":2517,"minecraft:sprint_one_cm":300924,"minecraft:walk_one_cm":294127,"minecraft:drop":5,"minecraft:play_time":126332,"minecraft:deaths":20,"minecraft:sneak_time":17200,"minecraft:walk_under_water_one_cm":21231,"minecraft:boat_one_cm":13660,"minecraft:jump":2714,"minecraft:walk_on_water_one_cm":17643,"minecraft:total_world_time":126332,"minecraft:interact_with_furnace":2,"minecraft:sleep_in_bed":1,"minecraft:time_since_rest":6121,"minecraft:damage_taken":5675,"minecraft:damage_dealt":3868,"minecraft:player_kills":2,"minecraft:swim_one_cm":47717,"minecraft:fly_one_cm":372548,"minecraft:open_chest":5,"minecraft:crouch_one_cm":30820,"minecraft:fall_one_cm":77909}},"DataVersion":3465}