{"stats":{"minecraft:crafted":{"minecraft:oak_boat":2,"minecraft:oak_planks":44,"minecraft:crafting_table":3,"minecraft:spruce_planks":52,"minecraft:stick":8,"minecraft:wooden_pickaxe":1,"minecraft:stone_pickaxe":1,"minecraft:stone_sword":1,"minecraft:cooked_salmon":9,"minecraft:spruce_boat":1,"minecraft:stone_axe":1,"minecraft:air":0,"minecraft:bread":6,"minecraft:wheat":18},"minecraft:killed_by":{"minecraft:skeleton":1,"minecraft:creeper":2},"minecraft:dropped":{"minecraft:cooked_salmon":4},"minecraft:used":{"minecraft:spruce_boat":1,"minecraft:apple":1,"minecraft:bread":2,"minecraft:stone_pickaxe":9,"minecraft:spruce_planks":1,"minecraft:iron_helmet":1,"minecraft:wooden_pickaxe":10,"minecraft:iron_boots":1,"minecraft:cooked_salmon":3,"minecraft:spruce_sapling":2,"minecraft:rotten_flesh":5,"minecraft:stone_axe":7,"minecraft:dirt":9,"minecraft:crafting_table":5,"minecraft:oak_boat":2},"minecraft:picked_up":{"minecraft:stick":2,"minecraft:crafting_table":3,"minecraft:salmon":3,"minecraft:dandelion":1,"minecraft:spruce_sapling":5,"minecraft:oak_log":11,"minecraft:spruce_log":20,"minecraft:dirt":18,"minecraft:cooked_salmon":5,"minecraft:stone_sword":1,"minecraft:apple":1,"minecraft:rotten_flesh":5,"minecraft:stone_axe":1,"minecraft:spruce_planks":9,"minecraft:hay_block":4,"minecraft:stone_pickaxe":1,"minecraft:oak_boat":1,"minecraft:sugar_cane":6,"minecraft:cobblestone":32},"minecraft:killed":{"minecraft:zombie":2,"minecraft:spider":1},"minecraft:mined":{"minecraft:hay_block":4,"minecraft:spruce_log":16,"minecraft:dandelion":1,"minecraft:crafting_table":3,"minecraft:grass":2,"minecraft:grass_block":2,"minecraft:oak_log":11,"minecraft:dirt":18,"minecraft:packed_ice":1,"minecraft:spruce_leaves":4,"minecraft:stone":17,"minecraft:sugar_cane":2,"minecraft:oak_leaves":3},"minecraft:custom":{"minecraft:time_since_rest":4969,"minecraft:interact_with_furnace":3,"minecraft:sprint_one_cm":117620,"minecraft:damage_taken":1576,"minecraft:walk_one_cm":83539,"minecraft:mob_kills":5,"minecraft:drop":1,"minecraft:damage_dealt":734,"minecraft:swim_one_cm":18642,"minecraft:interact_with_crafting_table":7,"minecraft:fly_one_cm":306688,"minecraft:open_chest":1,"minecraft:crouch_one_cm":2236,"minecraft:play_time":45757,"minecraft:deaths":4,"minecraft:sneak_time":1629,"minecraft:walk_under_water_one_cm":5434,"minecraft:boat_one_cm":109080,"minecraft:jump":1087,"minecraft:leave_game":3,"minecraft:walk_on_water_one_cm":9154,"minecraft:time_since_death":4937,"minecraft:total_world_time":45757,"minecraft:fall_one_cm":21667}},"DataVersion":3465}